zdc,niveau,commentaire
65190,"gare ou arrêt non accessible",
73596,"train accessible sur réservation préalable auprès du service AssistenGare",
72124,"train accessible sur réservation préalable auprès du service AssistenGare",
67056,"gare ou arrêt non accessible",
72881,"train accessible sur demande auprès d'un agent en station",
66741,"gare ou arrêt non accessible",
64301,"gare ou arrêt non accessible",
62596,"train accessible sur réservation préalable auprès du service AssistenGare",
67476,"train accessible sur réservation préalable auprès du service AssistenGare",
59447,"gare ou arrêt non accessible",
65752,"train accessible sur réservation préalable auprès du service AssistenGare","Ligne H accessible en toute autonomie. Ligne C accessible sur réservation préalable auprès du service Accès Plus Transilien."
411429,"gare ou arrêt non accessible",
61763,"gare ou arrêt non accessible",
411379,"gare ou arrêt non accessible",
474151,"gare ou arrêt non accessible","Ligne A et B accessibles sur demande auprès d'un agent en station. Ligne D non accessible."
69487,"train accessible sur réservation préalable auprès du service AssistenGare",
73718,"train accessible sur réservation préalable auprès du service AssistenGare",
69682,"gare ou arrêt non accessible",
69136,"gare ou arrêt non accessible",
72652,"train accessible sur réservation préalable auprès du service AssistenGare",
65485,"véhicule accessible en toute autonomie",
65227,"véhicule accessible en toute autonomie",
65326,"gare ou arrêt non accessible",
70133,"train accessible sur demande auprès d'un agent en station",
70713,"train accessible sur réservation préalable auprès du service AssistenGare",
66535,"train accessible sur réservation préalable auprès du service AssistenGare",
61658,"gare ou arrêt non accessible",
63352,"gare ou arrêt non accessible",
71274,"train accessible sur réservation préalable auprès du service AssistenGare",
71016,"train accessible sur réservation préalable auprès du service AssistenGare",
424396,"train accessible sur réservation préalable auprès du service AssistenGare",
70640,"train accessible sur demande auprès d'un agent en station",
411419,"gare ou arrêt non accessible",
64251,"train accessible sur réservation préalable auprès du service AssistenGare",
68918,"train accessible sur réservation préalable auprès du service AssistenGare",
65659,"gare ou arrêt non accessible",
61412,"gare ou arrêt non accessible",
63426,"train accessible sur réservation préalable auprès du service AssistenGare",
68494,"train accessible sur réservation préalable auprès du service AssistenGare",
62003,"train accessible sur réservation préalable auprès du service AssistenGare",
65985,"train accessible sur réservation préalable auprès du service AssistenGare",
65994,"train accessible sur réservation préalable auprès du service AssistenGare",
73603,"gare ou arrêt non accessible",
62412,"train accessible sur réservation préalable auprès du service AssistenGare",
61826,"gare ou arrêt non accessible",
69237,"gare ou arrêt non accessible",
64341,"train accessible sur réservation préalable auprès du service AssistenGare",
63029,"train accessible sur demande auprès d'un agent en station",
71161,"train accessible sur demande auprès d'un agent en station",
411486,"gare ou arrêt non accessible",
65931,"train accessible sur réservation préalable auprès du service AssistenGare",
411376,"gare ou arrêt non accessible",
59948,"gare ou arrêt non accessible",
68963,"train accessible sur réservation préalable auprès du service AssistenGare",
66934,"gare ou arrêt non accessible",
59429,"gare ou arrêt non accessible",
63072,"train accessible sur réservation préalable auprès du service AssistenGare",
66335,"train accessible sur réservation préalable auprès du service AssistenGare","Ligne H accessible en toute autonomie. Ligne C accessible sur réservation préalable auprès du service Accès Plus Transilien."
63989,"train accessible sur réservation préalable auprès du service AssistenGare",
61410,"train accessible sur réservation préalable auprès du service AssistenGare",
67805,"gare ou arrêt non accessible",
67944,"gare ou arrêt non accessible",
62168,"train accessible sur réservation préalable auprès du service AssistenGare",
70956,"train accessible sur réservation préalable auprès du service AssistenGare","Ligne A accessible sur demande auprès d'un agent en station. Lignes L accessible sur réservation préalable auprès du service Accès Plus Transilien."
61218,"train accessible sur réservation préalable auprès du service AssistenGare",
411385,"gare ou arrêt non accessible",
67292,"véhicule accessible en toute autonomie",
72787,"train accessible sur réservation préalable auprès du service AssistenGare",
69677,"gare ou arrêt non accessible",
71545,"train accessible sur réservation préalable auprès du service AssistenGare",
67169,"gare ou arrêt non accessible",
427230,"train accessible sur demande auprès d'un agent en station",
67839,"train accessible sur réservation préalable auprès du service AssistenGare",
66157,"gare ou arrêt non accessible",
73749,"train accessible sur réservation préalable auprès du service AssistenGare",
66452,"véhicule accessible en toute autonomie",
66803,"gare ou arrêt non accessible",
59842,"gare ou arrêt non accessible",
73491,"train accessible sur réservation préalable auprès du service AssistenGare",
64194,"gare ou arrêt non accessible",
66557,"gare ou arrêt non accessible",
66334,"gare ou arrêt non accessible",
67131,"gare ou arrêt non accessible",
65110,"train accessible sur réservation préalable auprès du service AssistenGare",
68266,"train accessible sur demande auprès d'un agent en station",
63454,"gare ou arrêt non accessible",
66520,"gare ou arrêt non accessible",
66338,"gare ou arrêt non accessible",
62471,"gare ou arrêt non accessible",
73721,"train accessible sur réservation préalable auprès du service AssistenGare",
63071,"train accessible sur réservation préalable auprès du service AssistenGare",
70313,"train accessible sur réservation préalable auprès du service AssistenGare",
61850,"gare ou arrêt non accessible",
63044,"train accessible sur réservation préalable auprès du service AssistenGare",
69759,"train accessible sur demande auprès d'un agent en station",
70263,"train accessible sur demande auprès d'un agent en station",
65063,"train accessible sur réservation préalable auprès du service AssistenGare",
60072,"train accessible sur réservation préalable auprès du service AssistenGare",
72179,"train accessible sur réservation préalable auprès du service AssistenGare",
59830,"gare ou arrêt non accessible",
68105,"train accessible sur demande auprès d'un agent en station",
62064,"gare ou arrêt non accessible",
73042,"train accessible sur demande auprès d'un agent en station",
411462,"gare ou arrêt non accessible",
63369,"gare ou arrêt non accessible",
411397,"gare ou arrêt non accessible",
69254,"gare ou arrêt non accessible",
71056,"train accessible sur demande auprès d'un agent en station",
66654,"véhicule accessible en toute autonomie",
60052,"gare ou arrêt non accessible",
66484,"gare ou arrêt non accessible",
478855,"train accessible sur réservation préalable auprès du service AssistenGare",
411456,"gare ou arrêt non accessible",
59678,"gare ou arrêt non accessible",
71630,"train accessible sur demande auprès d'un agent en station",
66005,"train accessible sur réservation préalable auprès du service AssistenGare","Ligne H accessible en toute autonomie. Ligne C accessible sur réservation préalable auprès du service Accès Plus Transilien."
71359,"train accessible sur réservation préalable auprès du service AssistenGare",
66915,"gare ou arrêt non accessible",
71139,"train accessible sur réservation préalable auprès du service AssistenGare",
67658,"gare ou arrêt non accessible",
64741,"train accessible sur demande auprès d'un agent en station","Lignes J et L accessibles sur réservation préalable auprès du service Accès Plus Transilien."
65668,"gare ou arrêt non accessible",
59661,"gare ou arrêt non accessible",
60115,"gare ou arrêt non accessible",
411349,"gare ou arrêt non accessible",
59761,"gare ou arrêt non accessible",
411480,"gare ou arrêt non accessible",
60422,"gare ou arrêt non accessible",
411406,"gare ou arrêt non accessible",
72287,"train accessible sur réservation préalable auprès du service AssistenGare",
422067,"train accessible sur réservation préalable auprès du service AssistenGare",
64582,"train accessible sur demande auprès d'un agent en station",
67172,"gare ou arrêt non accessible",
67177,"véhicule accessible en toute autonomie",
70412,"train accessible sur réservation préalable auprès du service AssistenGare",
70940,"train accessible sur demande auprès d'un agent en station",
71673,"train accessible sur demande auprès d'un agent en station",
62892,"train accessible sur demande auprès d'un agent en station",
63594,"gare ou arrêt non accessible",
492980,"train accessible sur réservation préalable auprès du service AssistenGare",
60665,"train accessible sur réservation préalable auprès du service AssistenGare",
65305,"train accessible sur réservation préalable auprès du service AssistenGare",
60536,"train accessible sur réservation préalable auprès du service AssistenGare",
66731,"gare ou arrêt non accessible",
65441,"train accessible sur réservation préalable auprès du service AssistenGare",
60987,"train accessible sur réservation préalable auprès du service AssistenGare",
411453,"gare ou arrêt non accessible",
72929,"train accessible sur demande auprès d'un agent en station",
68129,"train accessible sur demande auprès d'un agent en station",
67625,"train accessible sur réservation préalable auprès du service AssistenGare",
463850,"train accessible sur réservation préalable auprès du service AssistenGare",
68419,"train accessible sur réservation préalable auprès du service AssistenGare",
69671,"gare ou arrêt non accessible",
69625,"gare ou arrêt non accessible",
68916,"train accessible sur réservation préalable auprès du service AssistenGare",
61630,"gare ou arrêt non accessible",
73604,"train accessible sur réservation préalable auprès du service AssistenGare",
67027,"gare ou arrêt non accessible",
71212,"train accessible sur réservation préalable auprès du service AssistenGare",
70210,"train accessible sur demande auprès d'un agent en station",
67126,"gare ou arrêt non accessible",
66672,"gare ou arrêt non accessible",
71572,"train accessible sur réservation préalable auprès du service AssistenGare",
61727,"gare ou arrêt non accessible",
66795,"véhicule accessible en toute autonomie",
60028,"gare ou arrêt non accessible",
62851,"train accessible sur demande auprès d'un agent en station",
66858,"train accessible sur réservation préalable auprès du service AssistenGare",
65663,"gare ou arrêt non accessible",
73844,"train accessible sur réservation préalable auprès du service AssistenGare",
67241,"gare ou arrêt non accessible",
61537,"gare ou arrêt non accessible",
67016,"gare ou arrêt non accessible",
64483,"train accessible sur demande auprès d'un agent en station",
70623,"train accessible sur demande auprès d'un agent en station",
70505,"gare ou arrêt non accessible",
72073,"train accessible sur réservation préalable auprès du service AssistenGare",
66095,"train accessible sur réservation préalable auprès du service AssistenGare",
65399,"gare ou arrêt non accessible",
73614,"train accessible sur réservation préalable auprès du service AssistenGare",
62951,"train accessible sur demande auprès d'un agent en station",
411441,"gare ou arrêt non accessible",
69950,"train accessible sur réservation préalable auprès du service AssistenGare",
74077,"gare ou arrêt non accessible",
59843,"train accessible sur réservation préalable auprès du service AssistenGare",
65910,"véhicule accessible en toute autonomie",
73278,"train accessible sur réservation préalable auprès du service AssistenGare",
64025,"gare ou arrêt non accessible",
71135,"train accessible sur réservation préalable auprès du service AssistenGare","Ligne C accessible sur demande auprès d'un agent en station et accessible sur réservation préalable auprès du service AssistenGare."
73626,"train accessible sur réservation préalable auprès du service AssistenGare","Ligne A accessible sur demande auprès d'un agent en station. Lignes D et R accessibles sur réservation préalable auprès du service Accès Plus Transilien."
424296,"gare ou arrêt non accessible",
71410,"train accessible sur réservation préalable auprès du service AssistenGare","Ligne H accessible en toute autonomie. Lignes B, D et K accessibles sur réservation préalable auprès du service Accès Plus Transilien."
60454,"gare ou arrêt non accessible",
72303,"train accessible sur réservation préalable auprès du service AssistenGare",
73627,"gare ou arrêt non accessible",
66063,"véhicule accessible en toute autonomie",
67924,"gare ou arrêt non accessible",
65897,"gare ou arrêt non accessible",
63893,"train accessible sur réservation préalable auprès du service AssistenGare",
69162,"gare ou arrêt non accessible",
65988,"gare ou arrêt non accessible",
71517,"train accessible sur réservation préalable auprès du service AssistenGare","Ligne A accessible sur demande auprès d'un agent en station. Lignes E, L et U accessibles sur réservation préalable auprès du service Accès Plus Transilien."
70427,"train accessible sur demande auprès d'un agent en station",
72648,"train accessible sur réservation préalable auprès du service AssistenGare",
59953,"gare ou arrêt non accessible",
63025,"train accessible sur demande auprès d'un agent en station",
70359,"train accessible sur demande auprès d'un agent en station",
73624,"train accessible sur réservation préalable auprès du service AssistenGare",
64514,"train accessible sur demande auprès d'un agent en station",
72225,"gare ou arrêt non accessible",
66650,"gare ou arrêt non accessible",
411343,"gare ou arrêt non accessible",
65770,"gare ou arrêt non accessible",
64572,"gare ou arrêt non accessible",
63244,"train accessible sur réservation préalable auprès du service AssistenGare",
63320,"train accessible sur demande auprès d'un agent en station",
64674,"gare ou arrêt non accessible",
61926,"gare ou arrêt non accessible",
66321,"gare ou arrêt non accessible",
69065,"train accessible sur réservation préalable auprès du service AssistenGare",
60084,"gare ou arrêt non accessible",
488087,"train accessible sur réservation préalable auprès du service AssistenGare",
71379,"train accessible sur réservation préalable auprès du service AssistenGare","Ligne E et C accessible sur réservation préalable auprès du service AssistenGare et sur demande auprès d'un agent en station"
71609,"train accessible sur réservation préalable auprès du service AssistenGare",
68153,"train accessible sur demande auprès d'un agent en station",
60542,"train accessible sur réservation préalable auprès du service AssistenGare",
64175,"gare ou arrêt non accessible",
411422,"gare ou arrêt non accessible",
63175,"train accessible sur demande auprès d'un agent en station",
64199,"train accessible sur réservation préalable auprès du service AssistenGare",
64883,"train accessible sur réservation préalable auprès du service AssistenGare",
66952,"gare ou arrêt non accessible",
411459,"gare ou arrêt non accessible",
73798,"train accessible sur réservation préalable auprès du service AssistenGare",
73731,"gare ou arrêt non accessible",
61961,"gare ou arrêt non accessible",
62172,"gare ou arrêt non accessible",
411474,"gare ou arrêt non accessible",
411330,"gare ou arrêt non accessible",
59531,"gare ou arrêt non accessible",
73620,"gare ou arrêt non accessible","Ligne B  accessible sur demande auprès d'un agent en station. Ligne C non accessible."
64918,"train accessible sur réservation préalable auprès du service AssistenGare",
62290,"train accessible sur réservation préalable auprès du service AssistenGare",
67180,"gare ou arrêt non accessible",
70829,"train accessible sur réservation préalable auprès du service AssistenGare",
69196,"gare ou arrêt non accessible",
63880,"train accessible sur réservation préalable auprès du service AssistenGare",
67176,"gare ou arrêt non accessible",
60124,"gare ou arrêt non accessible",
67072,"gare ou arrêt non accessible",
71651,"train accessible sur demande auprès d'un agent en station",
422420,"train accessible sur réservation préalable auprès du service AssistenGare",
72132,"train accessible sur réservation préalable auprès du service AssistenGare",
63134,"gare ou arrêt non accessible",
72646,"train accessible sur réservation préalable auprès du service AssistenGare",
71321,"train accessible sur réservation préalable auprès du service AssistenGare",
61145,"gare ou arrêt non accessible",
59825,"gare ou arrêt non accessible",
64338,"gare ou arrêt non accessible",
411333,"gare ou arrêt non accessible",
71229,"train accessible sur réservation préalable auprès du service AssistenGare",
60247,"train accessible sur réservation préalable auprès du service AssistenGare",
59940,"gare ou arrêt non accessible",
65051,"gare ou arrêt non accessible",
73166,"train accessible sur demande auprès d'un agent en station",
66834,"train accessible sur réservation préalable auprès du service AssistenGare",
66696,"train accessible sur réservation préalable auprès du service AssistenGare",
62176,"train accessible sur réservation préalable auprès du service AssistenGare",
68980,"gare ou arrêt non accessible",
71347,"train accessible sur demande auprès d'un agent en station",
67352,"gare ou arrêt non accessible",
69503,"train accessible sur réservation préalable auprès du service AssistenGare",
411382,"gare ou arrêt non accessible",
69852,"train accessible sur réservation préalable auprès du service AssistenGare",
72244,"train accessible sur réservation préalable auprès du service AssistenGare",
62558,"train accessible sur réservation préalable auprès du service AssistenGare",
60309,"train accessible sur réservation préalable auprès du service AssistenGare",
65562,"véhicule accessible en toute autonomie",
60915,"train accessible sur réservation préalable auprès du service AssistenGare",
68653,"train accessible sur réservation préalable auprès du service AssistenGare",
422776,"gare ou arrêt non accessible",
60450,"train accessible sur réservation préalable auprès du service AssistenGare",
411489,"gare ou arrêt non accessible",
69647,"train accessible sur demande auprès d'un agent en station",
61579,"train accessible sur réservation préalable auprès du service AssistenGare",
61767,"gare ou arrêt non accessible",
63999,"gare ou arrêt non accessible",
66798,"gare ou arrêt non accessible",
65542,"gare ou arrêt non accessible",
59734,"gare ou arrêt non accessible",
71370,"train accessible sur réservation préalable auprès du service AssistenGare",
65582,"train accessible sur réservation préalable auprès du service AssistenGare",
70543,"train accessible sur demande auprès d'un agent en station",
62890,"train accessible sur demande auprès d'un agent en station",
65749,"véhicule accessible en toute autonomie",
59450,"gare ou arrêt non accessible",
73688,"train accessible sur réservation préalable auprès du service AssistenGare",
71150,"train accessible sur réservation préalable auprès du service AssistenGare",
411468,"gare ou arrêt non accessible",
478505,"train accessible sur réservation préalable auprès du service AssistenGare",
72598,"train accessible sur réservation préalable auprès du service AssistenGare",
69813,"train accessible sur demande auprès d'un agent en station",
411373,"gare ou arrêt non accessible",
72211,"train accessible sur réservation préalable auprès du service AssistenGare",
72998,"train accessible sur réservation préalable auprès du service AssistenGare",
73266,"train accessible sur réservation préalable auprès du service AssistenGare",
62804,"gare ou arrêt non accessible",
60006,"gare ou arrêt non accessible",
73297,"gare ou arrêt non accessible",
69622,"train accessible sur demande auprès d'un agent en station",
63240,"gare ou arrêt non accessible",
69662,"train accessible sur réservation préalable auprès du service AssistenGare",
72177,"train accessible sur réservation préalable auprès du service AssistenGare",
65788,"gare ou arrêt non accessible",
68123,"train accessible sur demande auprès d'un agent en station",
61858,"gare ou arrêt non accessible",
69300,"train accessible sur réservation préalable auprès du service AssistenGare",
478733,"train accessible sur réservation préalable auprès du service AssistenGare",
65048,"train accessible sur réservation préalable auprès du service AssistenGare",
65827,"gare ou arrêt non accessible",
59984,"gare ou arrêt non accessible",
63955,"train accessible sur réservation préalable auprès du service AssistenGare",
62351,"gare ou arrêt non accessible",
71269,"gare ou arrêt non accessible",
411391,"gare ou arrêt non accessible",
66436,"train accessible sur réservation préalable auprès du service AssistenGare",
67227,"gare ou arrêt non accessible",
73163,"train accessible sur demande auprès d'un agent en station",
412697,"train accessible sur demande auprès d'un agent en station",
66977,"gare ou arrêt non accessible",
462934,"train accessible sur réservation préalable auprès du service AssistenGare",
63067,"train accessible sur demande auprès d'un agent en station",
69906,"train accessible sur demande auprès d'un agent en station",
73568,"train accessible sur réservation préalable auprès du service AssistenGare",
71607,"gare ou arrêt non accessible",
64195,"gare ou arrêt non accessible",
71475,"train accessible sur réservation préalable auprès du service AssistenGare",
63886,"gare ou arrêt non accessible",
411327,"gare ou arrêt non accessible",
71422,"train accessible sur réservation préalable auprès du service AssistenGare",
60839,"gare ou arrêt non accessible",
70902,"train accessible sur demande auprès d'un agent en station",
59882,"gare ou arrêt non accessible",
64589,"train accessible sur demande auprès d'un agent en station",
61423,"gare ou arrêt non accessible",
64382,"train accessible sur réservation préalable auprès du service AssistenGare",
72126,"train accessible sur réservation préalable auprès du service AssistenGare",
62978,"train accessible sur demande auprès d'un agent en station",
67196,"gare ou arrêt non accessible",
73439,"train accessible sur réservation préalable auprès du service AssistenGare",
69450,"train accessible sur réservation préalable auprès du service AssistenGare",
411339,"gare ou arrêt non accessible",
463843,"gare ou arrêt non accessible",
71718,"gare ou arrêt non accessible","Ligne A accessible sur demande auprès d'un agent en station. Ligne E non accessible."
74127,"gare ou arrêt non accessible",
65691,"train accessible sur réservation préalable auprès du service AssistenGare",
61450,"gare ou arrêt non accessible",
411465,"gare ou arrêt non accessible",
63923,"train accessible sur réservation préalable auprès du service AssistenGare",
69554,"gare ou arrêt non accessible",
73699,"train accessible sur réservation préalable auprès du service AssistenGare",
59403,"gare ou arrêt non accessible",
478926,"train accessible sur demande auprès d'un agent en station",
65490,"gare ou arrêt non accessible",
71286,"train accessible sur réservation préalable auprès du service AssistenGare",
69528,"gare ou arrêt non accessible",
63404,"gare ou arrêt non accessible",
59420,"gare ou arrêt non accessible",
61943,"gare ou arrêt non accessible",
72037,"train accessible sur réservation préalable auprès du service AssistenGare",
70033,"train accessible sur demande auprès d'un agent en station",
61318,"gare ou arrêt non accessible",
59565,"gare ou arrêt non accessible",
67325,"gare ou arrêt non accessible",
65443,"gare ou arrêt non accessible",
411346,"gare ou arrêt non accessible",
68407,"train accessible sur réservation préalable auprès du service AssistenGare",
73605,"train accessible sur réservation préalable auprès du service AssistenGare",
67920,"train accessible sur réservation préalable auprès du service AssistenGare",
69435,"gare ou arrêt non accessible",
59836,"train accessible sur réservation préalable auprès du service AssistenGare",
66533,"gare ou arrêt non accessible",
67897,"train accessible sur réservation préalable auprès du service AssistenGare",
72383,"train accessible sur réservation préalable auprès du service AssistenGare",
65669,"train accessible sur réservation préalable auprès du service AssistenGare","Ligne H accessible en toute autonomie. Lignes J et C accessibles sur réservation préalable auprès du service Accès Plus Transilien."
60522,"gare ou arrêt non accessible",
67917,"gare ou arrêt non accessible",
65732,"gare ou arrêt non accessible",
74348,"gare ou arrêt non accessible",
60797,"train accessible sur réservation préalable auprès du service AssistenGare",
70612,"gare ou arrêt non accessible",
63523,"gare ou arrêt non accessible",
65360,"véhicule accessible en toute autonomie",
72148,"train accessible sur réservation préalable auprès du service AssistenGare",
62825,"train accessible sur demande auprès d'un agent en station",
72641,"train accessible sur réservation préalable auprès du service AssistenGare",
70064,"gare ou arrêt non accessible",
73098,"train accessible sur réservation préalable auprès du service AssistenGare",
73096,"gare ou arrêt non accessible",
73625,"train accessible sur réservation préalable auprès du service AssistenGare",
59470,"gare ou arrêt non accessible",
67604,"gare ou arrêt non accessible",
64405,"train accessible sur réservation préalable auprès du service AssistenGare",
68385,"train accessible sur demande auprès d'un agent en station",
67065,"gare ou arrêt non accessible",
70515,"gare ou arrêt non accessible",
411483,"gare ou arrêt non accessible",
61414,"train accessible sur réservation préalable auprès du service AssistenGare",
67076,"gare ou arrêt non accessible",
61327,"gare ou arrêt non accessible",
67000,"véhicule accessible en toute autonomie",
70945,"train accessible sur demande auprès d'un agent en station",
69072,"gare ou arrêt non accessible",
73190,"train accessible sur demande auprès d'un agent en station",
64945,"gare ou arrêt non accessible",
71590,"train accessible sur demande auprès d'un agent en station",
72041,"train accessible sur réservation préalable auprès du service AssistenGare",
69639,"gare ou arrêt non accessible",
72421,"train accessible sur réservation préalable auprès du service AssistenGare",
71453,"train accessible sur réservation préalable auprès du service AssistenGare",
66491,"gare ou arrêt non accessible",
74002,"train accessible sur réservation préalable auprès du service AssistenGare",
61976,"gare ou arrêt non accessible",
66816,"train accessible sur réservation préalable auprès du service AssistenGare","Ligne H accessible en toute autonomie. Lignes C et J accessibles sur réservation préalable auprès du service Accès Plus Transilien."
71106,"train accessible sur demande auprès d'un agent en station",
62139,"gare ou arrêt non accessible",
426280,"gare ou arrêt non accessible",
71935,"train accessible sur réservation préalable auprès du service AssistenGare",
69633,"gare ou arrêt non accessible",
72323,"train accessible sur réservation préalable auprès du service AssistenGare","Ligne H accessible en toute autonomie et  ligne D  assistance nécessaire pour les clients en FR afin d’accéder aux trains."
60785,"train accessible sur réservation préalable auprès du service AssistenGare",
70393,"train accessible sur demande auprès d'un agent en station",
66659,"train accessible sur réservation préalable auprès du service AssistenGare","Ligne H accessible en toute autonomie. Ligne C accessible sur réservation préalable auprès du service Accès Plus Transilien."
63812,"train accessible sur réservation préalable auprès du service AssistenGare",
66079,"véhicule accessible en toute autonomie",
74265,"train accessible sur demande auprès d'un agent en station",
70686,"train accessible sur réservation préalable auprès du service AssistenGare",
463754,"train accessible sur réservation préalable auprès du service AssistenGare",
61094,"gare ou arrêt non accessible",
72206,"train accessible sur réservation préalable auprès du service AssistenGare",
61480,"gare ou arrêt non accessible",
68984,"gare ou arrêt non accessible",
67107,"gare ou arrêt non accessible",
70584,"gare ou arrêt non accessible",
70705,"train accessible sur réservation préalable auprès du service AssistenGare",
64021,"train accessible sur réservation préalable auprès du service AssistenGare",
73482,"train accessible sur réservation préalable auprès du service AssistenGare",
69568,"gare ou arrêt non accessible",
411477,"gare ou arrêt non accessible",
64949,"train accessible sur réservation préalable auprès du service AssistenGare",
73547,"train accessible sur réservation préalable auprès du service AssistenGare",
64145,"train accessible sur réservation préalable auprès du service AssistenGare",
66009,"gare ou arrêt non accessible",
73097,"train accessible sur réservation préalable auprès du service AssistenGare",
60981,"gare ou arrêt non accessible",
