route_label,station_id,zdc_id,db_label,gtfs_label
A,349,70940,Nanterre - Ville,Nanterre Ville
A,360,70393,Saint-Maur - Créteil,Saint-Maur - Créteil
A,330,68105,Bussy-Saint-Georges,Bussy-Saint-Georges
A,350,70956,Nanterre Université,Nanterre Université
A,361,64918,Sartrouville,Sartrouville
A,338,71630,Fontenay-sous-Bois,Fontenay-sous-Bois
A,342,70359,Le Parc de Saint-Maur,Le Parc de Saint-Maur
A,332,66858,Cergy Saint-Christophe,Cergy Saint-Christophe
A,352,66436,Neuville - Université,Neuville Université
A,363,68129,Torcy,Torcy
A,19,73626,Gare de Lyon,Gare de Lyon
A,359,64589,Saint-Germain-en-Laye,Saint-Germain-en-Laye
A,328,72881,Boissy-Saint-Léger,Boissy-Saint-Léger
A,364,68266,Val d'Europe,Val d'Europe
A,337,73605,Conflans Fin d'Oise,Conflans Fin d'Oise
A,341,72998,La Varenne - Chennevières,La Varenne - Chennevières
A,340,70640,Joinville-le-Pont,Joinville-le-Pont
A,343,64514,Le Vésinet - Centre,Le Vésinet - Centre
A,358,70902,Rueil-Malmaison,Rueil-Malmaison
A,7,71347,Charles de Gaulle — Étoile,Charles de Gaulle - Étoile
A,21,71673,Nation,Nation
A,354,68153,Noisiel,Noisiel
A,346,65048,Maisons-Laffitte,Maisons-Laffitte
A,345,68123,Lognes,Lognes
A,355,73163,Noisy - Champs,Noisy - Champs
A,336,474151,Châtelet - Les Halles,Châtelet - Les Halles
A,339,64741,Houilles - Carrières-sur-Seine,Houilles - Carrières-sur-Seine
A,353,71590,Nogent-sur-Marne,Nogent-sur-Marne
A,1,71517,La Défense,La Défense
A,327,478926,Auber,Auber
A,347,68385,Marne-la-Vallée - Chessy,Marne-la-Vallée Chessy
A,335,64483,Chatou - Croissy,Chatou - Croissy
A,329,73166,Bry-sur-Marne,Bry-sur-Marne
A,326,73604,Achères Ville,Achères Ville
A,325,65190,Achères Grand Cormier,Achères Grand Cormier
A,365,71718,Val de Fontenay,Val de Fontenay
A,356,412697,Noisy-le-Grand - Mont d'Est,Noisy-le-Grand - Mont d'Est
A,362,72929,Sucy - Bonneuil,Sucy - Bonneuil
A,331,66696,Cergy Préfecture,Cergy Préfecture
A,333,66834,Cergy le Haut,Cergy le Haut
A,357,64883,Poissy,Poissy
A,351,73190,Neuilly-Plaisance,Neuilly-Plaisance
A,344,64582,Le Vésinet - Le Pecq,Le Vésinet - Le Pecq
A,334,73042,Champigny,Champigny
A,366,71651,Vincennes,Vincennes
A,348,70945,Nanterre - Préfecture,Nanterre Préfecture
B,384,62825,La Hacquinière,La Hacquinière
B,372,70210,Bagneux,Bagneux
B,408,73482,Vert-Galant,Vert Galant
B,405,74265,Sceaux,Sceaux
B,389,63025,Le Guichet,Le Guichet
B,391,63029,Lozère,Lozère
B,381,62890,Gif-sur-Yvette,Gif-Sur-Yvette
B,401,71106,Port Royal,Port Royal
B,404,62978,Saint-Rémy-lès-Chevreuse,Saint-Rémy-lès-Chevreuse
B,395,69065,Mitry - Claye,Mitry - Claye
B,373,70033,Bourg-la-Reine,Bourg-la-Reine
B,398,63067,Palaiseau - Villebon,Palaiseau - Villebon
B,393,63244,Massy - Palaiseau,Massy - Palaiseau
B,410,73547,Villepinte,Villepinte
B,406,73491,Sevran - Beaudottes,Sevran Beaudottes
B,399,69906,Parc de Sceaux,Parc de Sceaux
B,388,72641,Le Bourget,Le Bourget
B,402,427230,Robinson,Robinson
B,376,62951,Courcelle-sur-Yvette,Courcelle-sur-Yvette
B,390,69622,Les Baconnets,Les Baconnets
B,387,72648,Le Blanc-Mesnil,Le Blanc-Mesnil
B,369,72646,Aulnay-sous-Bois,Aulnay-sous-Bois
B,394,63320,Massy - Verrières,Massy - Verrières
B,379,70133,Fontenay-aux-Roses,Fontenay-aux-Roses
B,378,69647,Fontaine Michalon,Fontaine Michalon
B,367,69759,Antony,Antony
B,336,474151,Châtelet - Les Halles,Châtelet - Les Halles
B,385,72211,La Plaine Stade de France,La Plaine Stade de France
B,409,68916,Villeparisis - Mitry-le-Neuf,Villeparisis - Mitry-le-Neuf
B,374,62851,Bures-sur-Yvette,Bures-sur-Yvette
B,91,71056,Denfert-Rochereau,Denfert-Rochereau
B,368,70263,Arcueil - Cachan,Arcueil - Cachan
B,407,73439,Sevran - Livry,Sevran - Livry
B,383,69813,La Croix de Berny,La Croix de Berny
B,403,73620,Saint-Michel Notre-Dame,Saint-Michel Notre-Dame
B,380,70543,Gentilly,Gentilly
B,375,70623,Cité Universitaire,Cité Universitaire
B,382,72598,La Courneuve - Aubervilliers,La Courneuve - Aubervilliers
B,396,62892,Orsay - Ville,Orsay Ville
B,386,70427,Laplace,Laplace
B,397,63175,Palaiseau,Palaiseau
B,377,72652,Drancy,Drancy
B,392,71161,Luxembourg,Luxembourg
B,400,73568,Parc des Expositions,Parc des Expositions
B,76,71410,Gare du Nord,Gare du Nord
B,370,73596,Aéroport CDG 1 (Terminal 3) - RER,Aéroport CDG 1 (Terminal 3)
B,371,73699,Aéroport Charles de Gaulle 2 (Terminal 2),Aéroport CDG - Terminal 2 (TGV)
D,515,61976,Ponthierry - Pringy,Ponthierry - Pringy
D,482,59565,Boutigny,Boutigny
D,502,73624,Le Vert de Maisons,Le Vert de Maisons
D,511,60084,Moulin Galant,Moulin Galant
D,484,59447,Buno - Gironville,Buno - Gironville
D,526,60981,Viry-Châtillon,Viry-Châtillon
D,506,73625,Maisons-Alfort - Alfortville,Maisons-Alfort - Alfortville
D,486,411429,Chantilly - Gouvieux,Chantilly - Gouvieux
D,481,62596,Boussy-Saint-Antoine,Boussy-Saint-Antoine
D,516,60839,Ris-Orangis,Ris-Orangis
D,512,60542,Orangis Bois de l'Épine,Orangis Bois de l'Épine
D,494,73627,Grand Bourg,Grand Bourg
D,521,63071,Vigneux-sur-Seine,Vigneux-sur-Seine
D,19,73626,Gare de Lyon,Gare de Lyon
D,525,66009,Villiers-le-Bel - Gonesse - Arnouville,Villiers-le-Bel - Gonesse - Arnouville
D,517,72323,Saint-Denis,Saint-Denis
D,489,411441,Creil,Creil
D,513,411422,Orry-la-Ville - Coye,Orry-la-Ville - Coye
D,500,62003,Le Mée,Le Mée
D,507,59470,Maisse,Maisse
D,528,63044,Yerres,Yerres
D,505,69300,Louvres,Louvres
D,485,62176,Cesson,Cesson
D,55,411486,Malesherbes,Malesherbes
D,495,60797,Grigny Centre,Grigny Centre
D,492,65582,Garges - Sarcelles,Garges - Sarcelles
D,522,60124,Villabé,Villabé
D,527,61850,Vosves,Vosves
D,508,61926,Melun,Melun
D,514,72787,Pierrefitte - Stains,Pierrefitte - Stains
D,520,69450,Survilliers - Fosses,Survilliers - Fosses
D,479,59420,Boigneville,Boigneville
D,519,72206,Stade de France Saint-Denis,Stade de France Saint-Denis
D,498,60422,Le Bras de Fer,Le Bras de Fer
D,491,422776,Essonnes Robinson,Essonnes Robinson
D,483,67476,Brunoy,Brunoy
D,530,60522,Évry - Val de Seine,Évry - Val de Seine
D,437,478505,Juvisy,Juvisy
D,336,474151,Châtelet - Les Halles,Châtelet - Les Halles
D,487,62558,Combs-la-Ville - Quincy,Combs-la-Ville - Quincy
D,480,61943,Boissise-le-Roi,Boissise-le-Roi
D,490,69950,Créteil Pompadour,Créteil Pompadour
D,501,60006,Le Plessis Chenet,Le Plessis Chenet
D,497,59661,La Ferté-Alais,La Ferté-Alais
D,524,69568,Villeneuve-Saint-Georges,Villeneuve-Saint-Georges
D,499,59953,Le Coudray-Montceaux,Le Coudray-Montceaux
D,488,60309,Corbeil-Essonnes,Corbeil-Essonnes
D,478,59825,Ballancourt,Ballancourt
D,496,411419,La Borne Blanche (Gare),La Borne Blanche (Gare)
D,493,66535,Goussainville,Goussainville
D,518,62290,Savigny-le-Temple - Nandy,Savigny-le-Temple - Nandy
D,509,59984,Mennecy,Mennecy
D,504,62412,Lieusaint - Moissy,Lieusaint - Moissy
D,318,62172,Saint-Fargeau,Saint-Fargeau
D,510,63072,Montgeron - Crosne,Montgeron - Crosne
D,503,66650,Les Noues,Les Noues
D,529,60450,Évry - Courcouronnes,Évry - Courcouronnes
D,76,71410,Gare du Nord,Gare du Nord
D,523,69671,Villeneuve Triage,Villeneuve Triage
E,534,67658,Gretz-Armainvilliers,Gretz-Armainvilliers
E,550,68419,Vaires - Torcy,Vaires - Torcy
E,255,426280,Rosny-Bois-Perrier,Rosny Bois Perrier
E,532,68407,Chelles - Gournay,Chelles - Gournay
E,544,462934,Ozoir-la-Ferrière,Ozoir-la-Ferrière
E,531,72037,Bondy,Bondy
E,540,478733,Magenta,Magenta
E,533,73278,Gagny,Gagny
E,548,71935,Rosny-sous-Bois,Rosny-sous-Bois
E,546,67839,Roissy-en-Brie,Roissy-en-Brie
E,539,73096,Les Yvris Noisy-le-Grand,Les Yvris Noisy-le-Grand
E,543,72041,Noisy-le-Sec,Noisy-le-Sec
E,538,73098,Les Boullereaux Champigny,Les Boullereaux Champigny
E,545,72421,Pantin,Pantin
E,541,488087,Nanterre-La-Folie,Nanterre-La-Folie
E,1,71517,La Défense,La Défense
E,552,67897,Émerainville - Pontault-Combault,Émerainville - Pontault-Combault
E,549,67625,Tournan,Tournan
E,447,71379,Neuilly - Porte Maillot,Neuilly - Porte Maillot
E,542,71609,Nogent - Le Perreux,Nogent - Le Perreux
E,536,73266,Le Chénay Gagny,Le Chénay Gagny
E,365,71718,Val de Fontenay,Val de Fontenay
E,551,73097,Villiers-sur-Marne - Le Plessis-Trévise,Villiers-sur-Marne - Le Plessis-Trévise
E,535,73688,Haussmann Saint-Lazare,Haussmann Saint-Lazare
E,547,73798,Rosa Parks,Rosa Parks
E,537,73297,Le Raincy - Villemomble - Montfermeil,Le Raincy - Villemomble - Montfermeil
