lat_coor1;long_coor1;Localisation;Code postal;Ville;Accès;Accès Libre;Complément de localisation;Disponibilité Semaine;Disponibilité Horaires;point_geographique
48.8393223;2.654561;RER A TORCY;77200;Torcy;Intérieur;OUI;A proximité du Guichet;7j/7;Heures ouvrables;48.8393223, 2.654561
48.869617;2.3436324;Métro 3 Bourse;75002;PARIS;Intérieur;OUI;A proximité du Guichet;7j/7;Heures ouvrables;48.869617, 2.3436324
48.9232118;2.2853281;Station les agnettes;92230;Gennevilliers;Intérieur;OUI;A proximité du Guichet;7j/7;Heures ouvrables;48.9232118, 2.2853281
48.8554227;2.3452703;Cité;75001;PARIS;Intérieur;OUI;À côté du bureau de vente Berger;7j/7;Heures ouvrables;48.8554227, 2.3452703
48.8870006;2.1704947;RER Rueil Malmaison;92500;Reuil Malmaison;Intérieur;OUI;A proximité du Guichet;7j/7;Heures ouvrables;48.8870006, 2.1704947
48.7341676;2.2740411;GARE MASSY VERRIÈRE;91300;Massy;Intérieur;OUI;Couloir proximité du guichet;7j/7;Heures ouvrables;48.7341676, 2.2740411
48.7995167;2.3286712;RER B Arceuil Cachan;94230;Arceuil;Intérieur;OUI;A proximité du Guichet;7j/7;Heures ouvrables;48.7995167, 2.3286712
48.762483;2.3052478;Croix de Berny;92160;Antony;Intérieur;OUI;A proximité du Guichet;7j/7;Heures ouvrables;48.762483, 2.3052478
48.9131054;2.3339965;Station mairie de St Ouen;93400;St Ouen;Intérieur;OUI;A proximité du Guichet;7j/7;Heures ouvrables;48.9131054, 2.3339965
48.7252755;2.2599787;RER B MASSY PALAISEAU;91300;MASSY;Intérieur;OUI;Couloir proximité du guichet;7j/7;Heures ouvrables;48.7252755, 2.2599787
48.8389082;2.3217941;Métro Edgar Quinet;75014;PARIS;Intérieur;OUI;Face recette;7j/7;Heures ouvrables;48.8389082, 2.3217941
48.8608606;2.3147823;Métro 13 Varenne;75007;PARIS;Intérieur;OUI;A côté de la recette;7j/7;Heures ouvrables;48.8608606, 2.3147823
48.8568221;2.353495;Ligne 11 Hôtel de ville;75001;PARIS;Intérieur;OUI;A côté de la recette;7j/7;Heures ouvrables;48.8568221, 2.353495
48.82593295207692;2.406794593738182;Métro Liberté;94000;Charenton;Intérieur;OUI;Face à la recette;7j/7;Heures ouvrables;48.82593295207692, 2.406794593738182
48.893962;2.4149849;Métro 5 Hoche;75019;PARIS;Intérieur;OUI;A côté de la recette;7j/7;Heures ouvrables;48.893962, 2.4149849
48.87400;2.3158;Métro Miromesnil;75008;PARIS;Intérieur;OUI;près de la recette;7j/7;Heures ouvrables;48.874, 2.3158
48.86431;2.33005;Métro Tuilerie;75001;PARIS;Intérieur;OUI;En face guichet service;7j/7;Heures ouvrables;48.86431, 2.33005
48.78736261478183;2.29226358332257;RER B Sceaux;92330;Sceaux;Intérieur;OUI;Face à la recette à côté de l'entrée;7j/7;Heures ouvrables;48.78736261478183, 2.29226358332257
48.78074000000004;2.311300000000074;RER Bourg la Reine;92000;Bourg la reine;Intérieur;OUI;Face à l'entrée;7j/7;Heures ouvrables;48.78074000000004, 2.311300000000074
48.9162873;2.2929631;Métro 13 Gabriel Péri;92600;Gennevilliers;Intérieur;OUI;En face de la recette;7j/7;Heures ouvrables;48.9162873, 2.2929631
48.81493000000006;2.339930000000038;RER Gentilly;94250;Gentilly;Intérieur;OUI;Face à l'accueil;7j/7;Heures ouvrables;48.81493000000006, 2.339930000000038
48.84564;2.37292;Métro Gare de Lyon;75012;PARIS;Intérieur;OUI;En face guichet;7j/7;Heures ouvrables;48.84564, 2.37292
48.853846;2.2894085;Métro 6 Passy;75016;PARIS;Intérieur;OUI;A côté de la recette proche escalier;7j/7;Heures ouvrables;48.853846, 2.2894085
48.851325970612905;2.343400560266097;Métro Cluny Sorbonne;75005;PARIS;Intérieur;OUI;A l'entrée de la bouche de métro face à la recette;7j/7;Heures ouvrables;48.851325970612905, 2.343400560266097
48.8730499;2.3295083;RER A Auber;75009;PARIS;Intérieur;OUI;Gare Auber face guichet;7j/7;Heures ouvrables;48.8730499, 2.3295083
48.8746744;2.3887098;Métro Pyrénées;75020;PARIS;Intérieur;OUI;En face guichet service;7j/7;Heures ouvrables;48.8746744, 2.3887098
48.8574643;2.3155142;Métro 13 Saint François Xavier;75007;PARIS;Intérieur;OUI;A côté de la recette;7j/7;Heures ouvrables;48.8574643, 2.3155142
48.8715334;2.4035743;Métro Pelleport;75020;PARIS;Intérieur;OUI;À côté du guichet service;7j/7;Heures ouvrables;48.8715334, 2.4035743
48.83304893284269;2.362618741524258;Métro national;75013;PARIS;Intérieur;OUI;Face aux automates;7j/7;Heures ouvrables;48.83304893284269, 2.362618741524258
48.838741;2.3610969;Métro Saint Marcel;75013;PARIS;Intérieur;OUI;A côté de la recette;7j/7;Heures ouvrables;48.838741, 2.3610969
48.8844699;2.3596986;Métro Anvers;75018;PARIS;Intérieur;OUI;En face guichet service;7j/7;Heures ouvrables;48.8844699, 2.3596986
48.86999;2.30754;Métro Franklin D Roosevelt;75008;PARIS;Intérieur;OUI;À côté barrière sortie 1;7j/7;Heures ouvrables;48.86999, 2.30754
48.8460746;2.2778269;Métro Javel André Citroën;75015;PARIS;Intérieur;OUI;À côté du guichet service;7j/7;Heures ouvrables;48.8460746, 2.2778269
48.8654976;2.3566895;Ligne 11 Art et Métier;75003;PARIS;Intérieur;OUI;A côté de la recette;7j/7;Heures ouvrables;48.8654976, 2.3566895
48.8770986;2.3493995;Métro Poissonnière;75009;PARIS;Intérieur;OUI;Face recette;7j/7;Heures ouvrables;48.8770986, 2.3493995
48.8912666;2.2399637;RER A La Défense;92800;Puteaux;Intérieur;OUI;Derrière la recette;7j/7;Heures ouvrables;48.8912666, 2.2399637
48.850026;2.3483105;Métro Cardinal Lemoine;75005;PARIS;Intérieur;OUI;En face guichet service;7j/7;Heures ouvrables;48.850026, 2.3483105
48.87939;2.35699;Métro L4 Gare du nord;75010;PARIS;Intérieur;OUI;En face de la recette;7j/7;Heures ouvrables;48.87939, 2.35699
48.84223;2.23872;Métro Boulogne Jean Jaurès;92100;Boulogne;Intérieur;OUI;A coté du guichet service;7j/7;Heures ouvrables;48.84223, 2.23872
48.8487147;2.3961146;RER A Nation;75012;PARIS;Intérieur;OUI;Salle de echanges sup.;7j/7;Heures ouvrables;48.8487147, 2.3961146
48.882141434194494;2.320955122165236;Métro Rome;75017;PARIS;Intérieur;OUI;Face à la recette;7j/7;Heures ouvrables;48.882141434194494, 2.320955122165236
48.85770;2.34742;Métro Châtelet ligne 4;75001;PARIS;Intérieur;OUI;A côté de la recette;7j/7;Heures ouvrables;48.8577, 2.34742
48.8499959;2.3335848;Métro Maubert Mutualité;75005;PARIS;Intérieur;OUI;À côté guichet service;7j/7;Heures ouvrables;48.8499959, 2.3335848
48.8425864;2.3128778;Métro 6 Pasteur;75015;PARIS;Intérieur;OUI;Face recette;7j/7;Heures ouvrables;48.8425864, 2.3128778
48.85235;2.38947;Métro Rue des boulets;75011;PARIS;Intérieur;OUI;Près de la recette;7j/7;Heures ouvrables;48.85235, 2.38947
48.7341861;2.27343;RER B Massy Verrieres;91300;Massy;Intérieur;OUI;Près de la recette;7j/7;Heures ouvrables;48.7341861, 2.27343
48.88806000000005;2.2491900000000555;Métro Esplanade de la défense;92800;Puteaux;Extérieur;OUI;"A droite guichet service

Métro 1 : esplanade de la défense";7j/7;Heures ouvrables;48.88806000000005, 2.2491900000000555
48.8421914;2.3650222;Métro Gare d'Austerlitz;75013;PARIS;Intérieur;OUI;À côté guichet service;7j/7;Heures ouvrables;48.8421914, 2.3650222
48.86846;2.3096;Métro Franklin D Roosevelt;75008;PARIS;Intérieur;OUI;Côté droit guichet service;7j/7;Heures ouvrables;48.86846, 2.3096
48.882440220369105;2.3372445462211364;Métro Pigalle;75018;PARIS;Intérieur;OUI;A gauche de l'entrée;7j/7;Heures ouvrables;48.882440220369105, 2.3372445462211364
48.8451013001567;2.4015106599232916;Métro Picpus;75012;PARIS;Intérieur;OUI;Face à l'entrée;7j/7;Heures ouvrables;48.8451013001567, 2.4015106599232916
48.85086465437268;2.325400626695964;Métro Sèvres Babylonne;75015;PARIS;Intérieur;OUI;A l'entrée de la bouche Métro;7j/7;Heures ouvrables;48.85086465437268, 2.325400626695964
48.8671989;2.3849151;Métro Ménilmontant;75020;PARIS;Intérieur;OUI;En face guichet service;7j/7;Heures ouvrables;48.8671989, 2.3849151
48.8712559;2.2773927;Métro porte Dauphine;75016;PARIS;Intérieur;OUI;En face guichet service;7j/7;Heures ouvrables;48.8712559, 2.2773927
48.897750854737524;2.359054565625901;Métro Porte de la Chapelle;75010;PARIS;Intérieur;OUI;Face à la recette;7j/7;Heures ouvrables;48.897750854737524, 2.359054565625901
48.8837844;2.3743464;Ligne 5 Laumiere;75019;PARIS;Intérieur;OUI;Côté recette;7j/7;Heures ouvrables;48.8837844, 2.3743464
48.8674642;2.36411;Métro 11 République;75003;PARIS;Intérieur;OUI;A côté de la recette;7j/7;Heures ouvrables;48.8674642, 2.36411
48.83992000000006;2.336590000000058;RER B Port Royal;75005;PARIS;Intérieur;OUI;En face de la recette;7j/7;Heures ouvrables;48.83992000000006, 2.336590000000058
48.876480125880086;2.332443358071283;Métro Trinité Etienne d'Orves;75009;PARIS;Intérieur;OUI;À côté de la recette;7j/7;Heures ouvrables;48.876480125880086, 2.332443358071283
48.831087374553405;2.343629093217547;Métro Glacière;75013;PARIS;Intérieur;OUI;À côté de la recette;7j/7;Heures ouvrables;48.831087374553405, 2.343629093217547
48.839190475327136;2.282734918627327;Métro Félix Faure;75015;PARIS;Intérieur;OUI;Face à la recette;7j/7;Heures ouvrables;48.839190475327136, 2.282734918627327
48.89107000000007;2.34958000000006;Métro Marcadet Poissonnier;75018;PARIS;Intérieur;OUI;En face de la recette;7j/7;Heures ouvrables;48.89107000000007, 2.34958000000006
48.864100000000064;2.27771000000007;Métro Rue de la pompe;75016;PARIS;Intérieur;OUI;En face de la recette;7j/7;Heures ouvrables;48.864100000000064, 2.27771000000007
48.847930000000076;2.264180000000067;Métro Michel Ange Auteuil;75016;PARIS;Intérieur;OUI;En face de la recette;7j/7;Heures ouvrables;48.847930000000076, 2.264180000000067
48.843030000000056;2.2599400000000287;Métro Michel Ange Auteuil;75016;PARIS;Intérieur;OUI;En face de la recette;7j/7;Heures ouvrables;48.843030000000056, 2.2599400000000287
48.833240000000046;2.3859300000000303;Métro Cour Saint Emilion;75012;PARIS;Intérieur;OUI;En face de la recette;7j/7;Heures ouvrables;48.833240000000046, 2.3859300000000303
48.87136000000004;2.3254700000000526;Métro Madeleine;75008;PARIS;Intérieur;OUI;En face de la recette;7j/7;Heures ouvrables;48.87136000000004, 2.3254700000000526
48.88770000000005;2.373320000000035;Métro Riquet;75019;PARIS;Intérieur;OUI;En face de la recette;7j/7;Heures ouvrables;48.88770000000005, 2.373320000000035
48.83677000000006;2.3518700000000763;Métro Les Gobelins;75013;PARIS;Intérieur;OUI;En face de la recette;7j/7;Heures ouvrables;48.83677000000006, 2.3518700000000763
48.82624000000004;2.357250000000022;Métro Tolbiac;75013;PARIS;Intérieur;OUI;En face de la recette;7j/7;Heures ouvrables;48.82624000000004, 2.357250000000022
48.82290000000006;2.3582700000000614;Métro Maison Blanche;75013;PARIS;Intérieur;OUI;En face de la recette;7j/7;Heures ouvrables;48.82290000000006, 2.3582700000000614
48.81965000000008;2.3642600000000584;Métro Porte de Choisy;75013;PARIS;Intérieur;OUI;En face de la recette;7j/7;Heures ouvrables;48.81965000000008, 2.3642600000000584
48.82159000000007;2.369420000000048;Métro Porte d'Ivry;75013;PARIS;Intérieur;OUI;En face de la recette;7j/7;Heures ouvrables;48.82159000000007, 2.369420000000048
48.805570000000046;2.3636600000000385;Métro Villejuif Léo Lagrange;94800;VILLEJUIF;Intérieur;OUI;En face de la recette;7j/7;Heures ouvrables;48.805570000000046, 2.3636600000000385
48.88110000000006;2.373610000000042;Métro Bolivar;75019;PARIS;Intérieur;OUI;En face de la recette;7j/7;Heures ouvrables;48.88110000000006, 2.373610000000042
48.88203000000004;2.3932700000000295;Métro Danube;75019;PARIS;Intérieur;OUI;En face de la recette;7j/7;Heures ouvrables;48.88203000000004, 2.3932700000000295
48.87674000000004;2.39256000000006;Métro Place des fêtes;75019;PARIS;Intérieur;OUI;En face de la recette;7j/7;Heures ouvrables;48.87674000000004, 2.39256000000006
48.83904000000007;2.6336200000000645;RER A Lognes;77185;Lognes;Intérieur;OUI;En face de la recette;7j/7;Heures ouvrables;48.83904000000007, 2.6336200000000645
48.75296000000003;2.505510000000072;RER A Boissy-saint-Léger;94470;BOISSY-SAINT-LEGER;Intérieur;OUI;En face de la recette;7j/7;Heures ouvrables;48.75296000000003, 2.505510000000072
48.771340000000066;2.50801000000007;RER A Sucy - Bonneuil;94370;Sucy-en-brie;Intérieur;OUI;En face de la recette;7j/7;Heures ouvrables;48.771340000000066, 2.50801000000007
48.80621000000008;2.4722900000000436;RER A Saint-Maur - Créteil;94210;Saint-Maur-des-Fossés;Intérieur;OUI;En face de la recette;7j/7;Heures ouvrables;48.80621000000008, 2.4722900000000436
48.84332000000006;2.4654800000000705;RER B Fontenay-sous-Bois;94120;Fontenay-sous-bois;Intérieur;OUI;En face de la recette;7j/7;Heures ouvrables;48.84332000000006, 2.4654800000000705
48.89482000000004;2.1950500000000375;RER A Nanterre ville;92000;Nanterre;Intérieur;OUI;En face de la recette;7j/7;Heures ouvrables;48.89482000000004, 2.1950500000000375
48.83471000000003;2.3746700000000374;Métro Bibliothèque François Mitterrand;75013;PARIS;Intérieur;OUI;A proximité du Guichet;7j/7;Heures ouvrables;48.83471000000003, 2.3746700000000374
48.8494834;2.298579;Métro La Motte Picquet Grenelle;75015;PARIS;Intérieur;OUI;En extérieur en face guichet service;7j/7;Heures ouvrables;48.8494834, 2.298579
48.8144779;2.3787327;Métro Pierre et Marie Curie;94200;Ivry sur seine;Intérieur;OUI;A proximité du Guichet;7j/7;Heures ouvrables;48.8144779, 2.3787327
48.8429703;2.4152194;RER A AUBER;75009;PARIS;Intérieur;OUI;Poste de surveillance;7j/7;Heures ouvrables;48.8429703, 2.4152194
48.876708;2.4065599;Porte des Lilas;75020;PARIS;Intérieur;OUI;Face guichet;7j/7;Heures ouvrables;48.876708, 2.4065599
48.8474633;2.4092058;Métro Reuilly Diderot;75012;PARIS;Intérieur;OUI;Face au guichet;7j/7;Heures ouvrables;48.8474633, 2.4092058
48.7795314;2.2801675;RER B SCEAUX;92160;Sceaux;Intérieur;OUI;Au guichet après les portiques;7j/7;Heures ouvrables;48.7795314, 2.2801675
48.7249104;2.2599294;RER B MASSY PALAISEAU;91300;Massy;Intérieur;OUI;Couloir proximité du guichet;7j/7;Heures ouvrables;48.7249104, 2.2599294
48.8916993;2.2387078;La Défense;92800;Puteaux;Intérieur;OUI;Niveau -1 plateforme connections entre RER A et ligne de métro 1;7j/7;Heures ouvrables;48.8916993, 2.2387078
48.8929133;2.3279756;Métro 13 Guy Moquet;75009;PARIS;Intérieur;OUI;A côté de la guichet;7j/7;Heures ouvrables;48.8929133, 2.3279756
48.85255;2.40603;Métro Maraîchers;75020;PARIS;Intérieur;OUI;Près de la recette;7j/7;Heures ouvrables;48.85255, 2.40603
48.8608987;2.3465418;RER A Châtelet les Halles;75001;PARIS;Intérieur;OUI;Salle d'échange;7j/7;Heures ouvrables;48.8608987, 2.3465418
48.844906866717004;2.328786634724744;Métro Notre Dame des Champs;75006;PARIS;Intérieur;OUI;Face à la recette;7j/7;Heures ouvrables;48.844906866717004, 2.328786634724744
48.69572145045821;2.1632594790443473;RER Orsay Ville;91400;Orsay;Intérieur;OUI;Entre la recette et l?entrée;7j/7;Heures ouvrables;48.69572145045821, 2.1632594790443473
48.8750239;2.2938419;RER A Etoile;75008;PARIS;Intérieur;OUI;Salle d'échange;7j/7;Heures ouvrables;48.8750239, 2.2938419
48.88498;2.25921;Métro Pont de Neuilly;92200;PARIS;Intérieur;OUI;En face guichet;7j/7;Heures ouvrables;48.88498, 2.25921
48.789703736585174;2.4506883964086885;Créteil université;94000;Créteil;Intérieur;OUI;Face à la recette;7j/7;Heures ouvrables;48.789703736585174, 2.4506883964086885
48.8750239;2.2938419;RER A Charles de Gaulle étoile;75008;PARIS;Intérieur;OUI;Salle d'échange;7j/7;Heures ouvrables;48.8750239, 2.2938419
48.83973710092034;2.398421942130051;Métro Daumesnil;75012;PARIS;Intérieur;OUI;Face à la recette;7j/7;Heures ouvrables;48.83973710092034, 2.398421942130051
48.86677987236041;2.290224942240132;Métro Boissière;75016;PARIS;Intérieur;OUI;À côté des automates;7j/7;Heures ouvrables;48.86677987236041, 2.290224942240132
48.8284494;2.310066;Métro 13 Gaité;75007;PARIS;Intérieur;OUI;A côté de la recette;7j/7;Heures ouvrables;48.8284494, 2.310066
48.8736226;2.3281999;Métro Quatre Septembre;75002;PARIS;Intérieur;OUI;À côté guichet service;7j/7;Heures ouvrables;48.8736226, 2.3281999
48.8835678;2.3280523;Métro Monceau;75017;PARIS;Intérieur;OUI;En face guichet service;7j/7;Heures ouvrables;48.8835678, 2.3280523
48.84680;2.32695;Métro Saint Placide ligne 4;75006;PARIS;Intérieur;OUI;A côté de la recette;7j/7;Heures ouvrables;48.8468, 2.32695
48.891489;2.2393489;RER A la défense;92800;La défense;Intérieur;OUI;Salle d'échange;7j/7;Heures ouvrables;48.891489, 2.2393489
48.8830955;2.3714142;Ligne 5 Jaures;75019;PARIS;Intérieur;OUI;Côté recette;7j/7;Heures ouvrables;48.8830955, 2.3714142
48.8578957;2.273939;Métro La Muette;75016;PARIS;Intérieur;OUI;À côté de la recette;7j/7;Heures ouvrables;48.8578957, 2.273939
48.8796383;2.3269331;Métro 13 Liège;75009;PARIS;Intérieur;OUI;A côté de la recette;7j/7;Heures ouvrables;48.8796383, 2.3269331
48.83415;2.33208;Métro Denfert Rochereau;74014;PARIS;Intérieur;OUI;A côté de la recette;7j/7;Heures ouvrables;48.83415, 2.33208
48.8780673;2.2990058;Métro Ternes;75008;PARIS;Intérieur;OUI;En face guichet service;7j/7;Heures ouvrables;48.8780673, 2.2990058
48.8716507;2.2935605;Métro Kléber;75116;PARIS;Intérieur;OUI;Face à la recette;7j/7;Heures ouvrables;48.8716507, 2.2935605
48.8507248;2.2929997;Métro 6 Bir Hakeim;75015;PARIS;Intérieur;OUI;Face à la recette;7j/7;Heures ouvrables;48.8507248, 2.2929997
48.86239;2.33666;Métro Palais Royal;75001;PARIS;Intérieur;OUI;À côté guichet service;7j/7;Heures ouvrables;48.86239, 2.33666
48.839190475327136;2.282734918627327;Métro Boucicaut;75015;PARIS;Intérieur;OUI;Face à la recette;7j/7;Heures ouvrables;48.839190475327136, 2.282734918627327
48.8677543;2.3456736;Métro Sentier;75002;PARIS;Intérieur;OUI;À côté guichet service;7j/7;Heures ouvrables;48.8677543, 2.3456736
48.8609728;2.3471639;RER A Châtelet Les Halles;75001;PARIS;Intérieur;OUI;Hall Salle des échanges;7j/7;Heures ouvrables;48.8609728, 2.3471639
48.89641000000006;2.2811100000000692;Métro Pont de Levallois;92300;Levallois Perret;Extérieur;OUI;A coté du guichet service;7j/7;Heures ouvrables;48.89641000000006, 2.2811100000000692
48.8848341;2.2981063;Métro Porte de Champerret;75017;PARIS;Intérieur;OUI;À côté guichet service;7j/7;Heures ouvrables;48.8848341, 2.2981063
48.8368855;2.3595378;Métro 5 saint Marcel;75013;PARIS;Intérieur;OUI;Face a la recette;7j/7;Heures ouvrables;48.8368855, 2.3595378
48.83306942939;2.2871435563588687;Métro Porte de Versailles;75015;PARIS;Intérieur;OUI;Face recette;7j/7;Heures ouvrables;48.83306942939, 2.2871435563588687
48.86371;2.34898;Métro Étienne Marcel ligne 4;75001;PARIS;Intérieur;OUI;En face de la recette;7j/7;Heures ouvrables;48.86371, 2.34898
48.83219909695845;2.3989410407069727;Métro Porte de Charenton;75012;PARIS;Intérieur;OUI;Face à la recette;7j/7;Heures ouvrables;48.83219909695845, 2.3989410407069727
48.85144;2.33112;Métro Saint Sulpice ligne 4;75006;PARIS;Intérieur;OUI;En face de la recette;7j/7;Heures ouvrables;48.85144, 2.33112
48.8582504;2.3902748;Métro père Lachaise;75011;PARIS;Intérieur;OUI;En face guichet service;7j/7;Heures ouvrables;48.8582504, 2.3902748
48.8348165521815;2.3676445621012316;Métro Chevaleret;75013;PARIS;Intérieur;OUI;Recette à côté de l'escalier;7j/7;Heures ouvrables;48.8348165521815, 2.3676445621012316
48.769024513231365;2.462241037894221;Métro Créteil pointe du lac;94000;Créteil;Intérieur;OUI;A l'entrée de la bouche;7j/7;Heures ouvrables;48.769024513231365, 2.462241037894221
48.743119302033165;2.2963514418878668;RER B Fontaine Michalon;92160;Antony;Intérieur;OUI;Face la recette;7j/7;Heures ouvrables;48.743119302033165, 2.2963514418878668
48.83358000000004;2.33331000000004;RER B Denfert Rochereau;75014;PARIS;Intérieur;OUI;Près de la sortie;7j/7;Heures ouvrables;48.83358000000004, 2.33331000000004
48.872207;2.3297042;RER A Auber;75009;PARIS;Intérieur;OUI;Salle Recette;7j/7;Heures ouvrables;48.872207, 2.3297042
48.8849693;2.3779641;Ligne 5 Ourq;75019;PARIS;Intérieur;OUI;Côté recette;7j/7;Heures ouvrables;48.8849693, 2.3779641
48.8374755;2.376797;Métro 6 Quai de la gare;75012;PARIS;Intérieur;OUI;A côté de la recette;7j/7;Heures ouvrables;48.8374755, 2.376797
48.85465055445198;2.306099129248994;Métro la Tour Maubourg;75007;PARIS;Intérieur;OUI;À côté de la recette;7j/7;Heures ouvrables;48.85465055445198, 2.306099129248994
48.85465055445198;2.306099129248994;Métro École Militaire;75007;PARIS;Intérieur;OUI;À côté de la recette;7j/7;Heures ouvrables;48.85465055445198, 2.306099129248994
48.846052;2.4182952;Métro Porte de Vincennes;75019;Vincennes;Intérieur;OUI;En face service;7j/7;Heures ouvrables;48.846052, 2.4182952
48.82278;2.32585;Métro Porte d'Orléans;74014;PARIS;Intérieur;OUI;A côté de la recette;7j/7;Heures ouvrables;48.82278, 2.32585
48.78736261478183;2.29226358332257;RER B Fontenay aux Roses;92260;Fontenay aux roses;Intérieur;OUI;A l'entrée;7j/7;Heures ouvrables;48.78736261478183, 2.29226358332257
48.84676;2.41728;Métro Saint Mandé;94160;Saint Mandé;Intérieur;OUI;Proche service;7j/7;Heures ouvrables;48.84676, 2.41728
48.899888;2.3099136;Métro 13 La fourche;75017;PARIS;Intérieur;OUI;A côté de la recette;7j/7;Heures ouvrables;48.899888, 2.3099136
48.82839;2.32685;Métro Alésia ligne 4;74014;PARIS;Intérieur;OUI;A côté de la recette;7j/7;Heures ouvrables;48.82839, 2.32685
48.8615475;2.3473644;RER A Châtelet les Halles;75001;PARIS;Intérieur;OUI;Salle des echanges;7j/7;Heures ouvrables;48.8615475, 2.3473644
48.853004465957966;2.3353918622822296;Métro Mabillon;75006;PARIS;Intérieur;OUI;A l'entrée de la bouche de métro;7j/7;Heures ouvrables;48.853004465957966, 2.3353918622822296
48.83307281049063;2.3364156329028534;Métro Saint Jacques;75014;PARIS;Intérieur;OUI;Face à la recette;7j/7;Heures ouvrables;48.83307281049063, 2.3364156329028534
48.8844699;2.3596986;Métro Chapelle;75010;PARIS;Intérieur;OUI;À côté guichet service;7j/7;Heures ouvrables;48.8844699, 2.3596986
48.87254;2.35592;Métro 4 Château d'eau;75010;PARIS;Intérieur;OUI;En face de la recette;7j/7;Heures ouvrables;48.87254, 2.35592
48.86750;2.3133;Métro Champs Elysées Clemenceau;75008;PARIS;Intérieur;OUI;Droite guichet service;7j/7;Heures ouvrables;48.8675, 2.3133
48.8421031;2.2557759;Métro Porte d'Auteuil;75016;PARIS;Intérieur;OUI;En face guichet service;7j/7;Heures ouvrables;48.8421031, 2.2557759
48.8817851;2.2701641;Métro Argentine;75008;PARIS;Intérieur;OUI;En face guichet service;7j/7;Heures ouvrables;48.8817851, 2.2701641
48.8723181;2.3294498;RER A Auber;75009;PARIS;Intérieur;OUI;".
Arrivée depuis métro 3";7j/7;Heures ouvrables;48.8723181, 2.3294498
48.82720000000006;2.2787300000000528;Métro Corentin Celton;92130;Issy les moulineaux;Intérieur;OUI;Face recette;7j/7;Heures ouvrables;48.82720000000006, 2.2787300000000528
48.922785;2.3459167;Métro 13 Saint Denis porte de Paris;93200;Saint Denis;Intérieur;OUI;A côté de la recette;7j/7;Heures ouvrables;48.922785, 2.3459167
48.8812654;2.3122621;Métro Villier;75008;PARIS;Intérieur;OUI;À côté guichet service;7j/7;Heures ouvrables;48.8812654, 2.3122621
48.81142100263918;2.383711003877096;Mairie d'Ivry;94200;Ivry sur Seine;Intérieur;OUI;En face de la recette;7j/7;Heures ouvrables;48.81142100263918, 2.383711003877096
48.73946610678195;2.287549213673816;RER Les Baconnets;92160;Antony;Intérieur;OUI;Face à l'entrée;7j/7;Heures ouvrables;48.73946610678195, 2.287549213673816
48.8785478;2.2800938;Métro Porte Maillot;75016;PARIS;Intérieur;OUI;En face guichet service sortie Malakoff;7j/7;Heures ouvrables;48.8785478, 2.2800938
48.84796899223034;2.301101360032358;Métro Cambronne;75015;PARIS;Intérieur;OUI;Face à la recette à côté de l?entrée;7j/7;Heures ouvrables;48.84796899223034, 2.301101360032358
48.87355;2.31437;Métro Miromesnil;75008;PARIS;Intérieur;OUI;Près de la recette;7j/7;Heures ouvrables;48.87355, 2.31437
48.86950000000007;2.353490000000022;Métro Strasbourg Saint Denis;75002;PARIS;Intérieur;OUI;En face de la recette;7j/7;Heures ouvrables;48.86950000000007, 2.353490000000022
48.86495000000008;2.3014800000000264;Métro Alma-Marceau;75008;PARIS;Intérieur;OUI;En face de la recette;7j/7;Heures ouvrables;48.86495000000008, 2.3014800000000264
48.864400000000046;2.293610000000058;Métro Iéna;75018;PARIS;Intérieur;OUI;En face de la recette;7j/7;Heures ouvrables;48.864400000000046, 2.293610000000058
48.83758000000006;2.25583000000006;Porte de Saint Cloud;75016;PARIS;Intérieur;OUI;En face de la recette;7j/7;Heures ouvrables;48.83758000000006, 2.25583000000006
48.83137000000005;2.236660000000029;Métro Billancourt;92100;Boulogne-Billancourt;Intérieur;OUI;En face de la recette;7j/7;Heures ouvrables;48.83137000000005, 2.236660000000029
48.826940000000036;2.3662500000000364;Métro Olympiades;75013;PARIS;Intérieur;OUI;En face de la recette;7j/7;Heures ouvrables;48.826940000000036, 2.3662500000000364
48.87312000000003;2.3317100000000437;Métro Chaussée d'Antin;75009;PARIS;Intérieur;OUI;En face de la recette;7j/7;Heures ouvrables;48.87312000000003, 2.3317100000000437
48.92089000000004;2.410780000000045;Métro La Courneuve 8 mai 1945;93120;La Courneuve;Intérieur;OUI;En face de la recette;7j/7;Heures ouvrables;48.92089000000004, 2.410780000000045
48.85114000000004;2.3626200000000495;Métro Sully-Morland;75004;PARIS;Intérieur;OUI;En face de la recette;7j/7;Heures ouvrables;48.85114000000004, 2.3626200000000495
48.941970000000026;2.2500800000000254;Métro Paul Vaillant Couturier;94800;VILLEJUIF;Intérieur;OUI;En face de la recette;7j/7;Heures ouvrables;48.941970000000026, 2.2500800000000254
48.788110000000074;2.3680500000000393;Métro Villejuif Louis Aragon;94800;VILLEJUIF;Intérieur;OUI;En face de la recette;7j/7;Heures ouvrables;48.788110000000074, 2.3680500000000393
48.87832000000003;2.381740000000036;Métro Buttes Chaumont;75019;PARIS;Intérieur;OUI;En face de la recette;7j/7;Heures ouvrables;48.87832000000003, 2.381740000000036
48.84361000000007;2.6160900000000424;RER A Noisiel;77186;Noisiel;Intérieur;OUI;En face de la recette;7j/7;Heures ouvrables;48.84361000000007, 2.6160900000000424
48.841120000000046;2.547200000000032;RER A Noisy-le-Grand - Mont d'Est;93160;Noisy-Le-Grand;Extérieur;OUI;En face de la recette B;7j/7;Heures ouvrables;48.841120000000046, 2.547200000000032
48.79594000000003;2.513390000000072;RER A La Varenne - Chennevieres;94210;Saint-Maur-des-Fossés;Intérieur;OUI;En face de la recette;7j/7;Heures ouvrables;48.79594000000003, 2.513390000000072
48.90185000000008;2.215310000000045;RER A Nanterre Université;92000;Nanterre;Intérieur;OUI;En face de la recette;7j/7;Heures ouvrables;48.90185000000008, 2.215310000000045
48.885410000000036;2.1556000000000495;RER A Chatou - Croissy;78400;Chatou;Intérieur;OUI;En face de la recette;7j/7;Heures ouvrables;48.885410000000036, 2.1556000000000495
48.90396000000004;2.39256000000006;Métro Aubervilliers Pantin Quatre Chemins;93500;PANTIN;Intérieur;OUI;ACCUEIL;7j/7;Heures ouvrables;48.90396000000004, 2.39256000000006
48.8329566;2.333723;Denfert Rochereau;75014;PARIS;Intérieur;OUI;A proximité du Guichet;7j/7;Heures ouvrables;48.8329566, 2.333723
48.87227;2.30993;Métro Saint Philippe du Roule;75008;PARIS;Intérieur;OUI;Au guichet;7j/7;Heures ouvrables;48.87227, 2.30993
48.8471044;2.4085552;Ligne 1 Porte de Vincennes;75012;PARIS;Intérieur;OUI;Couloir proximité du guichet;7j/7;Heures ouvrables;48.8471044, 2.4085552
48.87703;2.28421;Porte Maillot;75017;PARIS;Intérieur;OUI;A proximité du Guichet;7j/7;Heures ouvrables;48.87703, 2.28421
48.7548527;2.3009375;RER B ANTONY;92160;Antony;Intérieur;OUI;Au guichet après les portiques;7j/7;Heures ouvrables;48.7548527, 2.3009375
48.86654000000004;2.3511100000000624;Réaumur Sébastopol;75003;PARIS;Intérieur;OUI;A proximité du Guichet;7j/7;Heures ouvrables;48.86654000000004, 2.3511100000000624
48.88244001014267;2.3372444009793143;Métro Notre Dame de Lorette;75009;PARIS;Intérieur;OUI;A l'entrée;7j/7;Heures ouvrables;48.88244001014267, 2.3372444009793143
48.75431000000003;2.3007800000000316;RER Antony;92160;Antony;Intérieur;OUI;Face à la recette;7j/7;Heures ouvrables;48.75431000000003, 2.3007800000000316
48.8653921;2.355791;Métro 11 République;75003;PARIS;Intérieur;OUI;A côté de la recette;7j/7;Heures ouvrables;48.8653921, 2.355791
48.845276;2.2616003;Métro Michel Ange Molitor;75016;PARIS;Intérieur;OUI;En face guichet service;7j/7;Heures ouvrables;48.845276, 2.2616003
48.8820726;2.370487;Métro Stalingrad;75019;PARIS;Intérieur;OUI;En face guichet service;7j/7;Heures ouvrables;48.8820726, 2.370487
48.878670981563005;2.362420969811467;Métro Château Landon;75010;PARIS;Intérieur;OUI;ACCUEIL;7j/7;Heures ouvrables;48.878670981563005, 2.362420969811467
48.8468163;2.2880566;Métro Charles Michels;75015;PARIS;Intérieur;OUI;En face guichet service;7j/7;Heures ouvrables;48.8468163, 2.2880566
48.8609728;2.3471639;RER A Châtelet;75001;PARIS;Intérieur;OUI;Couloir proximité du guichet;7j/7;Heures ouvrables;48.8609728, 2.3471639
48.8319187;2.3563162;Ligne 13 Place d'Italie;75013;PARIS;Intérieur;OUI;A côté de la recette;7j/7;Heures ouvrables;48.8319187, 2.3563162
48.8753915;2.3996781;Métro 11 TÉLÉGRAPHE;75019;PARIS;Intérieur;OUI;A côté de la recette;7j/7;Heures ouvrables;48.8753915, 2.3996781
48.88244001014267;2.3372444009793143;Métro Saint Georges;75009;PARIS;Intérieur;OUI;À gauche de la recette;7j/7;Heures ouvrables;48.88244001014267, 2.3372444009793143
48.87444;2.32141;Métro Saint Augustin;75008;PARIS;Intérieur;OUI;Près de la recette;7j/7;Heures ouvrables;48.87444, 2.32141
48.84777775084922;2.3951065251665544;Métro Nation;75011;PARIS;Intérieur;OUI;À doute de l'entrée face à la recette;7j/7;Heures ouvrables;48.84777775084922, 2.3951065251665544
48.8462366;2.3670068;Métro 5 Bastille;75012;PARIS;Intérieur;OUI;Cote recette;7j/7;Heures ouvrables;48.8462366, 2.3670068
48.8466614;2.279978;Métro Eglise d'Auteuil;75016;PARIS;Intérieur;OUI;En face guichet service;7j/7;Heures ouvrables;48.8466614, 2.279978
48.695676932986224;2.1631694723821706;RER Bures sur Yvette;91400;Bures sur Yvette;Intérieur;OUI;Face à la recette;7j/7;Heures ouvrables;48.695676932986224, 2.1631694723821706
48.87186;2.30047;Métro Georges V;75008;PARIS;Intérieur;OUI;Côté gauche couloir guichet service;7j/7;Heures ouvrables;48.87186, 2.30047
48.8506698;2.4938352;RER A Val de Fontenay;94120;Val de Fontenay;Intérieur;OUI;A côté de la recette;7j/7;Heures ouvrables;48.8506698, 2.4938352
48.832475883073336;2.2883788770396674;Métro Porte de Versailles;75015;PARIS;Intérieur;OUI;A l'entrée de la bouche sortie Vaugirard;7j/7;Heures ouvrables;48.832475883073336, 2.2883788770396674
48.89600000000007;2.223190000000045;Nanterre Prefecture;92000;Nanterre;Intérieur;OUI;INFIRMERIE;7j/7;Heures ouvrables;48.89600000000007, 2.223190000000045
48.8691217;2.3403776;Métro 3 Malesherbes;75017;PARIS;Intérieur;OUI;A côté de la recette;7j/7;Heures ouvrables;48.8691217, 2.3403776
48.84060000000005;2.2289700000000607;Métro Boulogne pont de saint cloud;92100;Boulogne;Intérieur;OUI;En face guichet service;7j/7;Heures ouvrables;48.84060000000005, 2.2289700000000607
48.84227;2.32916;Métro Vavin ligne 4;74014;PARIS;Intérieur;OUI;A côté de la recette;7j/7;Heures ouvrables;48.84227, 2.32916
48.69741452498827;2.1821345855719847;RER B Le Guichet;91400;Orsay;Intérieur;OUI;À côté de l entrée;7j/7;Heures ouvrables;48.69741452498827, 2.1821345855719847
48.865463993915114;2.3347620304370196;Pyramides;75001;PARIS;Intérieur;OUI;A côté de la recette;7j/7;Heures ouvrables;48.865463993915114, 2.3347620304370196
48.82014;2.36437;Porte de Choisy;75013;PARIS;Intérieur;OUI;HALL D'ACCUEIL;7j/7;Heures ouvrables;48.82014, 2.36437
48.78004797487357;2.4591513994908554;Métro Créteil préfecture;94000;Créteil;Intérieur;OUI;Face à la recette;7j/7;Heures ouvrables;48.78004797487357, 2.4591513994908554
48.84263;2.3204;Métro Montparnasse Bienvenue;75014;PARIS;Intérieur;OUI;A côté de la recette;7j/7;Heures ouvrables;48.84263, 2.3204
48.85747;2.38048;Métro Voltaire Paris 11e;75011;PARIS;Intérieur;OUI;Près de la recette;7j/7;Heures ouvrables;48.85747, 2.38048
48.89149;2.37746;Métro 7 Crimée;75019;PARIS;Intérieur;OUI;A proximité du Guichet;7j/7;Heures ouvrables;48.89149, 2.37746
48.84566;2.42801;Métro Berault;94300;Vincennes;Intérieur;OUI;En face guichet service;7j/7;Heures ouvrables;48.84566, 2.42801
48.8303334;2.3102194;Métro 13 porte de Vanves;75014;PARIS;Intérieur;OUI;En face de la recette;7j/7;Heures ouvrables;48.8303334, 2.3102194
48.85029676096489;2.383768602358215;Métro Faidherbe Chaligny;75012;PARIS;Intérieur;OUI;Face à la recette;7j/7;Heures ouvrables;48.85029676096489, 2.383768602358215
48.83546446847192;2.2779693450803546;Métro Balard;75015;PARIS;Intérieur;OUI;Face à la recette;7j/7;Heures ouvrables;48.83546446847192, 2.2779693450803546
48.8310848;2.3548316;Ligne 5 Place d'Italie;75013;PARIS;Intérieur;OUI;Face a la recette;7j/7;Heures ouvrables;48.8310848, 2.3548316
48.8663635199571;2.3235154029212257;Métro Concorde;75008;PARIS;Intérieur;OUI;Face recette;7j/7;Heures ouvrables;48.8663635199571, 2.3235154029212257
48.8559002;2.3681479;Ligne 5 Oberkampf;75011;PARIS;Intérieur;OUI;A côté de la recette;7j/7;Heures ouvrables;48.8559002, 2.3681479
48.85169396905309;2.3271213549221677;Métro Sèvres Babylonne;75015;PARIS;Intérieur;OUI;A l'entrée recette;7j/7;Heures ouvrables;48.85169396905309, 2.3271213549221677
48.842191;2.3650215;Métro Gare d'Austerlitz;75013;PARIS;Intérieur;OUI;En face guichet service;7j/7;Heures ouvrables;48.842191, 2.3650215
48.843666;2.3744209;Gare de Lyon RER A;75012;PARIS;Intérieur;OUI;HALL RER A;7j/7;Heures ouvrables;48.843666, 2.3744209
48.8509797;2.3779284;Métro Ledru Rollin;75012;PARIS;Intérieur;OUI;En face guichet service;7j/7;Heures ouvrables;48.8509797, 2.3779284
48.851251;2.3984735;Métro Avron;75011;PARIS;Intérieur;OUI;En face guichet service;7j/7;Heures ouvrables;48.851251, 2.3984735
48.8486948;2.395644;Nation;75012;PARIS;Intérieur;OUI;Salle echanges Inf.;7j/7;Heures ouvrables;48.8486948, 2.395644
48.84146993603237;2.308065745797896;Métro Volontaire;75015;PARIS;Intérieur;OUI;A l?entrée de la bouche;7j/7;Heures ouvrables;48.84146993603237, 2.308065745797896
48.8582504;2.3902748;Métro Philippe Auguste;75011;PARIS;Intérieur;OUI;En face du guichet service;7j/7;Heures ouvrables;48.8582504, 2.3902748
48.8425326;2.3660541;Métro Gare d'Austerlitz;75013;PARIS;Intérieur;OUI;À côté guichet service;7j/7;Heures ouvrables;48.8425326, 2.3660541
48.84334;2.32445;Métro Montparnasse Bienvenue;74014;PARIS;Intérieur;OUI;Près de la recette;7j/7;Heures ouvrables;48.84334, 2.32445
48.8715334;2.4035743;Métro Saint Fargeau;75020;PARIS;Intérieur;OUI;En face guichet service;7j/7;Heures ouvrables;48.8715334, 2.4035743
48.8853803;2.3423837;Funiculaire Montmartre gare haute;75018;PARIS;Intérieur;OUI;A côté de la recette;7j/7;Heures ouvrables;48.8853803, 2.3423837
48.8965626;2.4261281;Métro 5 Eglise de Pantin;93500;Pantin;Intérieur;OUI;Face recette;7j/7;Heures ouvrables;48.8965626, 2.4261281
48.77065883812758;2.31014821590491;RER B Parc de Sceaux;92160;Antony;Intérieur;OUI;Face à la recette;7j/7;Heures ouvrables;48.77065883812758, 2.31014821590491
48.8707447;2.3476237;Métro Bonne Nouvelle;75010;PARIS;Intérieur;OUI;près de la recette;7j/7;Heures ouvrables;48.8707447, 2.3476237
48.8736226;2.3281999;Métro Havre Caumartin;75009;PARIS;Intérieur;OUI;À côté guichet service;7j/7;Heures ouvrables;48.8736226, 2.3281999
48.8834508;2.3444239;Métro Place de Clichy;75017;PARIS;Intérieur;OUI;À côté guichet service;7j/7;Heures ouvrables;48.8834508, 2.3444239
48.86636352;2.3235154099999997;Métro Assemblée nationale;75007;PARIS;Intérieur;OUI;Face à la recette;7j/7;Heures ouvrables;48.86636352, 2.3235154099999997
48.8347509795907;2.3673953487909247;Métro Chevaleret;75013;PARIS;Intérieur;OUI;Sur le côté de l'escalier;7j/7;Heures ouvrables;48.8347509795907, 2.3673953487909247
48.8653646;2.3822992;Métro Temple;75003;PARIS;Intérieur;OUI;À côté guichet service;7j/7;Heures ouvrables;48.8653646, 2.3822992
48.8835219;2.340914;Métro Blanche;75009;PARIS;Intérieur;OUI;En face guichet service;7j/7;Heures ouvrables;48.8835219, 2.340914
48.8858787;2.2929609;Métro Louise Michel;92300;Levallois Perret;Intérieur;OUI;À côté guichet service;7j/7;Heures ouvrables;48.8858787, 2.2929609
48.8749378;2.3911948;Ligne 11 Mairie des lilas;93045;PARIS;Intérieur;OUI;A côté de la recette;7j/7;Heures ouvrables;48.8749378, 2.3911948
48.8487627;2.3956279;RER A Nation;75012;PARIS;Intérieur;OUI;Salle echanges;7j/7;Heures ouvrables;48.8487627, 2.3956279
48.8780673;2.2990058;Métro Courcelles;75008;PARIS;Intérieur;OUI;À côté guichet service;7j/7;Heures ouvrables;48.8780673, 2.2990058
48.8875727;2.2959121;Métro Pereire;75017;PARIS;Intérieur;OUI;À côté guichet service;7j/7;Heures ouvrables;48.8875727, 2.2959121
48.843861;2.3737655;Gare de Lyon RER A;75012;PARIS;Intérieur;OUI;HALL RER A;7j/7;Heures ouvrables;48.843861, 2.3737655
48.848227;2.2962384;Métro Vaneau;75007;PARIS;Intérieur;OUI;À côté guichet service;7j/7;Heures ouvrables;48.848227, 2.2962384
48.8570619;2.3264402;Métro Rue du bac;75007;PARIS;Intérieur;OUI;A l'entrée coté recette;7j/7;Heures ouvrables;48.8570619, 2.3264402
48.86164;2.34523;Métro Les Halles;75001;PARIS;Intérieur;OUI;A côté de la recette;7j/7;Heures ouvrables;48.86164, 2.34523
48.8717423;2.3782624;Métro 11 Bellevile;75019;PARIS;Intérieur;OUI;A côté de la recette;7j/7;Heures ouvrables;48.8717423, 2.3782624
48.88051;2.27329;Métro Sablons;92200;Neuilly sur Seine;Intérieur;OUI;A côté de la recette;7j/7;Heures ouvrables;48.88051, 2.27329
48.8710521;2.3610058;Métro Jacques Bonsergent;75010;PARIS;Intérieur;OUI;Au niveau du guichet;7j/7;Heures ouvrables;48.8710521, 2.3610058
48.8511383;2.3702102;Métro 5 Bastille;75012;PARIS;Intérieur;OUI;Face recette;7j/7;Heures ouvrables;48.8511383, 2.3702102
48.8842515;2.3671871;Métro Stalingrad;75010;PARIS;Intérieur;OUI;Face à la recette;7j/7;Heures ouvrables;48.8842515, 2.3671871
48.70127000000008;2.0996200000000727;RER Courcelles-sur-Yvette;91190;Gif-sur-Yvette;Extérieur;OUI;En face de la recette;7j/7;Heures ouvrables;48.70127000000008, 2.0996200000000727
48.83370000000008;2.24410000000006;Métro Marcel Sembat;92100;Boulogne-Billancourt;Intérieur;OUI;En face de la recette;7j/7;Heures ouvrables;48.83370000000008, 2.24410000000006
48.874990000000025;2.340560000000039;Métro Le Peletier;75009;PARIS;Intérieur;OUI;En face de la recette;7j/7;Heures ouvrables;48.874990000000025, 2.340560000000039
48.89939000000004;2.3874700000000644;Métro Porte de la Villette;75019;PARIS;Intérieur;OUI;En face de la recette;7j/7;Heures ouvrables;48.89939000000004, 2.3874700000000644
48.914750000000026;2.404450000000054;Métro Fort d'Aubervilliers;93300;Aubervilliers;Intérieur;OUI;En face de la recette;7j/7;Heures ouvrables;48.914750000000026, 2.404450000000054
48.815900000000056;2.3768800000000283;Métro Pierre et Marie Curie;75013;PARIS;Intérieur;OUI;En face de la recette;7j/7;Heures ouvrables;48.815900000000056, 2.3768800000000283
48.85363000000007;2.513270000000034;RER A Neuilly-Plaisance;93360;Neuilly-Plansance;Intérieur;OUI;En face de la recette;7j/7;Heures ouvrables;48.85363000000007, 2.513270000000034
48.805000000000064;2.486090000000047;RER ALe Parc de Saint-Maur;94210;Saint-Maur-des-Fossés;Intérieur;OUI;En face de la recette;7j/7;Heures ouvrables;48.805000000000064, 2.486090000000047
48.83929000000006;2.2826400000000717;Métro Lourmel;75015;PARIS;Intérieur;OUI;En face de la recette;7j/7;Heures ouvrables;48.83929000000006, 2.2826400000000717
48.871650000000045;2.330750000000023;Métro Opéra;75009;PARIS;Intérieur;OUI;En face de la recette;7j/7;Heures ouvrables;48.871650000000045, 2.330750000000023
48.851330000000075;2.343310000000031;Métro St Michel Notre Dame;75005;PARIS;Intérieur;OUI;A proximité du Guichet;7j/7;Heures ouvrables;48.851330000000075, 2.343310000000031
48.84134;2.32051;Métro Cité;75001;PARIS;Intérieur;OUI;A proximité du Guichet;7j/7;Heures ouvrables;48.84134, 2.32051
48.8838291;2.3412909;Métro Stalingrad;75019;PARIS;Intérieur;OUI;Devant le guichet de la station Stalingrad;7j/7;Heures ouvrables;48.8838291, 2.3412909
48.8788298;2.3549408;Métro 4 Barbès Rochechouart;75010;PARIS;Intérieur;OUI;A proximité du Guichet;7j/7;Heures ouvrables;48.8788298, 2.3549408
48.8062326;2.4726288;STATION ST MAUR CRÉTEIL RER A;94100;St Maur des fossés;Intérieur;OUI;A proximité du Guichet;7j/7;Heures ouvrables;48.8062326, 2.4726288
48.8393425;2.654628;RER A TORCY;77200;Torcy;Intérieur;OUI;A proximité du Guichet;7j/7;Heures ouvrables;48.8393425, 2.654628
48.717776340261636;2.2466348903755526;RER Palaiseau;91120;PALAISEAU;Intérieur;OUI;Face à l'entrée;7j/7;Heures ouvrables;48.717776340261636, 2.2466348903755526
48.8469289;2.3164452;Métro Duroc;75007;PARIS;Intérieur;OUI;En face guichet service;7j/7;Heures ouvrables;48.8469289, 2.3164452
48.8494837;2.2985805;Métro La Motte Picquet Grenelle;75015;PARIS;Intérieur;OUI;En face guichet service;7j/7;Heures ouvrables;48.8494837, 2.2985805
48.8278355;2.3093147;Métro 13 Pernety;75014;PARIS;Intérieur;OUI;A côté de la recette;7j/7;Heures ouvrables;48.8278355, 2.3093147
48.8353713;2.2941463;Ligne 12 Convention;75015;PARIS;Intérieur;OUI;A côté de la recette;7j/7;Heures ouvrables;48.8353713, 2.2941463
48.81790776169463;2.4177140979736667;École vétérinaires de maison alfort;94000;Maison alfort;Intérieur;OUI;Face à la recette;7j/7;Heures ouvrables;48.81790776169463, 2.4177140979736667
48.85214;2.33949;Métro Odéon ligne 4;75005;PARIS;Intérieur;OUI;Près de la recette;7j/7;Heures ouvrables;48.85214, 2.33949
48.85539;2.42159;Métro Robespierre;93100;Montreuil;Intérieur;OUI;Près de la recette;7j/7;Heures ouvrables;48.85539, 2.42159
48.87596;2.35797;Métro 4 Gare de l'est;75010;PARIS;Intérieur;OUI;A côté de la recette;7j/7;Heures ouvrables;48.87596, 2.35797
48.8739643;2.2970275;RER A Charles de Gaulle étoile sa264;75008;PARIS;Intérieur;OUI;Salle d'échange;7j/7;Heures ouvrables;48.8739643, 2.2970275
48.8608705;2.3147995;Métro 13 Invalides;75008;PARIS;Intérieur;OUI;A côté de la recette;7j/7;Heures ouvrables;48.8608705, 2.3147995
48.8830955;2.3714142;Métro Jaurès;75019;PARIS;Intérieur;OUI;A côté de la recette;7j/7;Heures ouvrables;48.8830955, 2.3714142
48.9043125;2.3304593;Métro 13 Garibaldi;93400;Saint Ouen;Intérieur;OUI;A côté de la recette;7j/7;Heures ouvrables;48.9043125, 2.3304593
48.8487154;2.396108;RER A Vincennes;94300;PARIS;Intérieur;OUI;À côté de la recette;7j/7;Heures ouvrables;48.8487154, 2.396108
48.8341346;2.3179124;Métro Pernety;75014;PARIS;Intérieur;OUI;A côté de la recette;7j/7;Heures ouvrables;48.8341346, 2.3179124
48.90596429832166;2.3033557700188396;Métro Mairie de Clichy;92110;Clichy;Intérieur;OUI;Dans le hall;7j/7;Heures ouvrables;48.90596429832166, 2.3033557700188396
48.8766699;2.4065433;Métro Porte des Lilas;75020;PARIS;Intérieur;OUI;Face à la recette;7j/7;Heures ouvrables;48.8766699, 2.4065433
48.8744914;2.2961019;Métro Charles de Gaulle étoile;75008;PARIS;Intérieur;OUI;En face guichet service;7j/7;Heures ouvrables;48.8744914, 2.2961019
48.845276;2.2616003;Métro chardon Lagache;75016;PARIS;Intérieur;OUI;En face guichet service;7j/7;Heures ouvrables;48.845276, 2.2616003
48.8967809;2.4307277;Métro 5 Bobigny Pablo Picasso;93000;Bobigny;Intérieur;OUI;Côté recette;7j/7;Heures ouvrables;48.8967809, 2.4307277
48.85808;2.43555;Métro Croix de Chavaux;93100;Montreuil;Intérieur;OUI;Près de la recette;7j/7;Heures ouvrables;48.85808, 2.43555
48.8717423;2.3782624;Métro 11 Goncourt;75011;PARIS;Intérieur;OUI;A côté de la recette;7j/7;Heures ouvrables;48.8717423, 2.3782624
48.70773924011803;2.2373272711119183;RER Palaiseau Villebon;91120;Palaiseau;Intérieur;OUI;À côté de la recette;7j/7;Heures ouvrables;48.70773924011803, 2.2373272711119183
48.892547572184704;2.3447431295576147;Métro Jules Joffrin;75018;PARIS;Intérieur;OUI;Face recette;7j/7;Heures ouvrables;48.892547572184704, 2.3447431295576147
48.81837;2.31977;Métro Mairie de Montrouge;92120;Montrouge;Intérieur;OUI;A côté de la recette;7j/7;Heures ouvrables;48.81837, 2.31977
48.89028068972785;2.3598311085370405;Métro Marx Dormoy;75010;PARIS;Intérieur;OUI;Face recette;7j/7;Heures ouvrables;48.89028068972785, 2.3598311085370405
48.83910573735835;2.3898209863634507;Métro Dugommier;75012;PARIS;Intérieur;OUI;À côté de la recette;7j/7;Heures ouvrables;48.83910573735835, 2.3898209863634507
48.8462426;2.3550781;Ligne 10 Jussieu;75005;PARIS;Intérieur;OUI;Côté recette;7j/7;Heures ouvrables;48.8462426, 2.3550781
48.8731488;2.3245977;Métro 13 Saint Lazare;75008;PARIS;Intérieur;OUI;A côté de la recette;7j/7;Heures ouvrables;48.8731488, 2.3245977
48.8395942;2.3808391;Gare de Lyon RER A;75012;PARIS;Intérieur;OUI;HALL RER A;7j/7;Heures ouvrables;48.8395942, 2.3808391
48.8151617;2.2976886;Ligne 13 Châtillon;92320;Châtillon;Intérieur;OUI;En face de la recette;7j/7;Heures ouvrables;48.8151617, 2.2976886
48.894157;2.3133865;Métro 13 Porte de Clichy;75017;PARIS;Intérieur;OUI;En face de la recette;7j/7;Heures ouvrables;48.894157, 2.3133865
48.84741;2.40881;Porte de Vincennes;75020;PARIS;Intérieur;OUI;Dans la station côté SUD;7j/7;Heures ouvrables;48.84741, 2.40881
48.87199;2.33904;Métro Richelieu Drouot;75009;PARIS;Intérieur;OUI;Près de la recette;7j/7;Heures ouvrables;48.87199, 2.33904
48.8604893;2.3463812;RER A La Défense;92800;Puteaux;Intérieur;OUI;Couloir salle des echanges;7j/7;Heures ouvrables;48.8604893, 2.3463812
48.835965;2.3584079;Métro 5 Campo Formio;75013;PARIS;Intérieur;OUI;Face a la recette;7j/7;Heures ouvrables;48.835965, 2.3584079
48.8727286;2.3298333;RER A Auber;75009;PARIS;Intérieur;OUI;Salle des échanges côté est;7j/7;Heures ouvrables;48.8727286, 2.3298333
48.85371;2.41101;Métro Porte de Montreuil;75020;PARIS;Intérieur;OUI;Près de la recette;7j/7;Heures ouvrables;48.85371, 2.41101
48.84436557212609;2.3899719160956683;Métro Montgallet;75012;PARIS;Intérieur;OUI;Face à la recette;7j/7;Heures ouvrables;48.84436557212609, 2.3899719160956683
48.8566524;2.3706804;Ligne 5 Breguet Sabin;75011;PARIS;Intérieur;OUI;A côté de la recette;7j/7;Heures ouvrables;48.8566524, 2.3706804
48.9232869;2.2859955;Ligne 13 Les Agnettes;92230;Gennevilliers;Intérieur;OUI;A côté de la recette;7j/7;Heures ouvrables;48.9232869, 2.2859955
48.88418;2.26174;Métro Pont de Neuilly;92200;PARIS;Intérieur;OUI;En face recette sortie r de l'église;7j/7;Heures ouvrables;48.88418, 2.26174
48.70613189877415;2.211470814562381;RER B Lozère;91120;Palaiseau;Intérieur;OUI;À côté de la recette;7j/7;Heures ouvrables;48.70613189877415, 2.211470814562381
48.8727286;2.3298333;RER A Auber;75009;PARIS;Intérieur;OUI;Salle des échanges nord est;7j/7;Heures ouvrables;48.8727286, 2.3298333
48.8654584;2.3556583;Métro 11 Art et Métier;75003;PARIS;Intérieur;OUI;Face à la recette;7j/7;Heures ouvrables;48.8654584, 2.3556583
48.8844647;2.3409918;Funiculaire Montmartre gare basse;75018;PARIS;Intérieur;OUI;A côté de la recette;7j/7;Heures ouvrables;48.8844647, 2.3409918
48.86120;2.3748;Métro Saint-Ambroise;75011;PARIS;Intérieur;OUI;Près de la recette;7j/7;Heures ouvrables;48.8612, 2.3748
48.887560000000065;2.1709500000000617;RER A Reuil Malmaison;92500;Reuil Malmaison;Extérieur;OUI;Près de la recette;7j/7;Heures ouvrables;48.887560000000065, 2.1709500000000617
48.8468163;2.2880566;Métro Charles Michel;75015;PARIS;Intérieur;OUI;En face guichet service;7j/7;Heures ouvrables;48.8468163, 2.2880566
48.8651253;2.3632935;Métro 11 Rambuteau;75003;PARIS;Intérieur;OUI;A côté de la recette;7j/7;Heures ouvrables;48.8651253, 2.3632935
48.8944194;2.3134173;Métro 13 Brochant;75017;PARIS;Intérieur;OUI;A côté de la recette;7j/7;Heures ouvrables;48.8944194, 2.3134173
48.83123;2.32964;Métro Mouton-Duvernet;75014;PARIS;Intérieur;OUI;A côté de la recette;7j/7;Heures ouvrables;48.83123, 2.32964
48.86636352;2.3235154099999997;Métro Concorde;75008;PARIS;Intérieur;OUI;Face recette;7j/7;Heures ouvrables;48.86636352, 2.3235154099999997
48.82969611823664;2.349734524767297;Station Corvisart;75013;PARIS;Intérieur;OUI;Face aux automates;7j/7;Heures ouvrables;48.82969611823664, 2.349734524767297
48.8752374;2.3919238;Métro 11 Jourdain;75019;PARIS;Intérieur;OUI;A côté de la recette;7j/7;Heures ouvrables;48.8752374, 2.3919238
48.70301662630119;2.0707472526727733;RER B St Rémy les Chevreuses;78470;Saint Rémy les Chevreuses;Intérieur;OUI;Face à la recette;7j/7;Heures ouvrables;48.70301662630119, 2.0707472526727733
48.8711799;2.3161435;Métro Saint Michel ligne 4;75005;PARIS;Intérieur;OUI;Prés de la recette;7j/7;Heures ouvrables;48.8711799, 2.3161435
48.8650359;2.3829749;Métro 3 Parmentier;75011;PARIS;Intérieur;OUI;A côté de la recette;7j/7;Heures ouvrables;48.8650359, 2.3829749
48.8647894;2.4100397;Métro Porte de Bagnolet;93170;Bagnolet;Intérieur;OUI;En face guichet service;7j/7;Heures ouvrables;48.8647894, 2.4100397
48.69505676786183;2.152741414472224;RER B La hacquiniere;91440;Bures sur Yvette;Intérieur;OUI;À côté de la recette;7j/7;Heures ouvrables;48.69505676786183, 2.152741414472224
48.8474594;2.3031928;Métro Ségur;75015;PARIS;Intérieur;OUI;À côté guichet service;7j/7;Heures ouvrables;48.8474594, 2.3031928
48.84456;2.44033;Métro Château de Vincennes;94300;Vincennes;Intérieur;OUI;Sortie 6 vers achat ticket;7j/7;Heures ouvrables;48.84456, 2.44033
48.8644875;2.3579059;Métro St Sebastien Froissart;75003;PARIS;Intérieur;OUI;Face à la recette;7j/7;Heures ouvrables;48.8644875, 2.3579059
48.88109;2.27138;Les Sablons métro;92200;PARIS;Intérieur;OUI;Sortie 1 Louis Philippe, pres du guichet service;7j/7;Heures ouvrables;48.88109, 2.27138
48.8080634;2.4734006;Métro Falguière;75015;PARIS;Intérieur;OUI;A l'entrée de la bouche;7j/7;Heures ouvrables;48.8080634, 2.4734006
48.8739643;2.2970275;RER A Charles de Gaulle étoile;75008;PARIS;Intérieur;OUI;Couloir salle echange;7j/7;Heures ouvrables;48.8739643, 2.2970275
48.8736854;2.3292091;RER A Auber;75009;PARIS;Intérieur;OUI;Entrée pour aller métro 3;7j/7;Heures ouvrables;48.8736854, 2.3292091
48.846758;2.2750766;Métro Mirabeau;75016;PARIS;Intérieur;OUI;À côté guichet service;7j/7;Heures ouvrables;48.846758, 2.2750766
48.724060000000065;2.2596900000000346;RER B Massy Palaiseau;91300;Massy;Intérieur;OUI;A la recette;7j/7;Heures ouvrables;48.724060000000065, 2.2596900000000346
48.85462;2.38567;Métro Charonne;75011;PARIS;Intérieur;OUI;Près de la recette;7j/7;Heures ouvrables;48.85462, 2.38567
48.9063323;2.3340018;Métro 13 Porte de Saint Ouen;75017;PARIS;Intérieur;OUI;A côté de la recette;7j/7;Heures ouvrables;48.9063323, 2.3340018
48.8224461;2.2987339;Métro 13 Malakoff plateau de Vanves;92240;Malakoff;Intérieur;OUI;A côté de la recette;7j/7;Heures ouvrables;48.8224461, 2.2987339
48.8708486;2.3611034;Métro 5 Jacques Bonsergent;75011;PARIS;Intérieur;OUI;A côté de la recette;7j/7;Heures ouvrables;48.8708486, 2.3611034
48.88736;2.34982;Métro Château Rouge ligne 4;75018;PARIS;Intérieur;OUI;A côté de la recette;7j/7;Heures ouvrables;48.88736, 2.34982
48.8937882;2.2841195;Métro Anatole France;92300;Levallois Perret;Intérieur;OUI;À côté guichet service;7j/7;Heures ouvrables;48.8937882, 2.2841195
48.83512878509601;2.405960081267781;Métro Porte Dorée;75012;PARIS;Intérieur;OUI;Face à la recette;7j/7;Heures ouvrables;48.83512878509601, 2.405960081267781
48.87596;2.35797;Métro Gare de l'Est;75001;PARIS;Intérieur;OUI;En face de la recette;7j/7;Heures ouvrables;48.87596, 2.35797
48.85365000000007;2.33391000000006;Métro Saint Germain des Pres;75006;PARIS;Intérieur;OUI;En face de la recette;7j/7;Heures ouvrables;48.85365000000007, 2.33391000000006
48.829270000000065;2.230200000000025;Métro Pont de Sèvres;92100;Boulogne-Billancourt;Intérieur;OUI;En face de la recette;7j/7;Heures ouvrables;48.829270000000065, 2.230200000000025
48.84572000000003;2.3725800000000277;Métro Gare de Lyon;75012;PARIS;Intérieur;OUI;En face de la recette;7j/7;Heures ouvrables;48.84572000000003, 2.3725800000000277
48.8727122;2.3298384;RER A Auber;75009;PARIS;Intérieur;OUI;À côté salle échanges;7j/7;Heures ouvrables;48.8727122, 2.3298384
48.881440000000055;2.3652300000000537;Métro Louis blanc;75010;PARIS;Intérieur;OUI;En face de la recette;7j/7;Heures ouvrables;48.881440000000055, 2.3652300000000537
48.89069000000006;2.3762100000000714;Métro Crimée;75019;PARIS;Intérieur;OUI;En face de la recette;7j/7;Heures ouvrables;48.89069000000006, 2.3762100000000714
48.894810000000064;2.382340000000056;Métro Corentin Cariou;75019;PARIS;Intérieur;OUI;En face de la recette;7j/7;Heures ouvrables;48.894810000000064, 2.382340000000056
48.87729000000007;2.3492800000000216;Métro Poissonnière;75010;PARIS;Intérieur;OUI;En face de la recette;7j/7;Heures ouvrables;48.87729000000007, 2.3492800000000216
48.87955000000005;2.389340000000061;Métro Botzaris;75019;PARIS;Intérieur;OUI;En face de la recette;7j/7;Heures ouvrables;48.87955000000005, 2.389340000000061
48.880040000000065;2.398800000000051;Métro Pré-Saint-Gervais;75019;PARIS;Intérieur;OUI;En face de la recette;7j/7;Heures ouvrables;48.880040000000065, 2.398800000000051
48.824110000000076;2.273180000000025;Métro Mairie d'Issy;92130;Issy les moulineaux;Intérieur;OUI;En face de la recette;7j/7;Heures ouvrables;48.824110000000076, 2.273180000000025
48.90655000000004;2.3644200000000524;Métro Front Populaire;93210;Saint Denis;Intérieur;OUI;En face de la recette;7j/7;Heures ouvrables;48.90655000000004, 2.3644200000000524
48.87072000000006;2.7833700000000476;RER A Marne la Vallée - Chessy;77700;Chessy;Intérieur;OUI;En face de la recette;7j/7;Heures ouvrables;48.87072000000006, 2.7833700000000476
48.84454000000005;2.5261500000000296;RER A Bry-sur-Marne;94360;Bry-Sur-Marne;Intérieur;OUI;En face de la recette;7j/7;Heures ouvrables;48.84454000000005, 2.5261500000000296
48.82004000000006;2.4643200000000434;RER A Joinville-le-Pont;94340;Joinville-le-Pont;Intérieur;OUI;En face de la recette;7j/7;Heures ouvrables;48.82004000000006, 2.4643200000000434
48.83523000000008;2.471650000000068;RER A Nogent-sur-Marne;94130;Nogent-sur-Marne;Intérieur;OUI;En face de la recette;7j/7;Heures ouvrables;48.83523000000008, 2.471650000000068
48.890360000000044;2.1345400000000723;RER A Le Vesinet Centre;78110;Le Vésinet;Intérieur;OUI;En face de la recette;7j/7;Heures ouvrables;48.890360000000044, 2.1345400000000723
48.89813000000004;2.0945100000000707;RER Saint-Germain-en-Laye;78240;Chambourcy;Intérieur;OUI;En face de la recette;7j/7;Heures ouvrables;48.89813000000004, 2.0945100000000707
48.86381000000006;2.416780000000074;Métro Gallieni;93170;Bagnolet;Intérieur;OUI;En face de la recette;7j/7;Heures ouvrables;48.86381000000006, 2.416780000000074
48.80280000000005;2.4466600000000653;Métro Maison Alfort - les juilliottes;94000;Creteil;Intérieur;OUI;En face de la recette;7j/7;Heures ouvrables;48.80280000000005, 2.4466600000000653
48.89738;2.34464;Métro 4 Porte de Clignancourt;75018;PARIS;Intérieur;OUI;A proximité du Guichet;7j/7;Heures ouvrables;48.89738, 2.34464
48.8461485;2.3406541;RER B LUXEMBOURG;75005;PARIS;Intérieur;OUI;Couloir proximité du guichet;7j/7;Heures ouvrables;48.8461485, 2.3406541
48.8077108;2.3330972;RER B Laplace;94230;Cachan;Intérieur;OUI;Couloir proximité du guichet;7j/7;Heures ouvrables;48.8077108, 2.3330972
48.7173346;2.245709;RER Palaiseau;91120;PALAISEAU;Intérieur;OUI;Couloir proximité du guichet;7j/7;Heures ouvrables;48.7173346, 2.245709
48.7797144;2.3127986;RER B BOURG LA REINE;92340;BOURG la reine;Intérieur;OUI;Couloir proximité du guichet;7j/7;Heures ouvrables;48.7797144, 2.3127986
48.856742;2.3536417;Métro Louvre Rivoli;75001;PARIS;Intérieur;OUI;A proximité du Guichet;7j/7;Heures ouvrables;48.856742, 2.3536417
48.831372;2.3332845;Gare de Denfert Rochereau;75014;PARIS;Intérieur;OUI;A proximité du Guichet;7j/7;Heures ouvrables;48.831372, 2.3332845
48.8836616;2.3803174;Station Porte de la Villette;75019;PARIS;Intérieur;OUI;En face au guichet;7j/7;Heures ouvrables;48.8836616, 2.3803174
48.9083102;2.376048;Métro 12 Aimé Césaire;93300;Aubervilliers;Intérieur;OUI;A proximité du Guichet;7j/7;Heures ouvrables;48.9083102, 2.376048
48.8478816;2.4360407;RER A Vincennes;94300;Vincennes;Intérieur;OUI;A proximité du Guichet;7j/7;Heures ouvrables;48.8478816, 2.4360407
48.892545800857775;2.344460806664944;Métro Lamarck;75018;PARIS;Intérieur;OUI;Face à la recette;7j/7;Heures ouvrables;48.892545800857775, 2.344460806664944
48.8515771;2.3981792;Métro Alexandre Dumas;75011;PARIS;Intérieur;OUI;En face guichet service;7j/7;Heures ouvrables;48.8515771, 2.3981792
48.84464;2.43715;Métro Château de Vincennes;94300;Vincennes;Intérieur;OUI;En face guichet service sortie 2;7j/7;Heures ouvrables;48.84464, 2.43715
48.84535628700633;2.3103763964787465;Métro Sèvres Lecourbe;75015;PARIS;Intérieur;OUI;À côté de la recette;7j/7;Heures ouvrables;48.84535628700633, 2.3103763964787465
48.89397;2.34788;Métro 4 Simplon;75018;PARIS;Intérieur;OUI;A côté de la recette;7j/7;Heures ouvrables;48.89397, 2.34788
48.80915666563287;2.434623541655793;Maison Alfort stade;94000;Maison alfort;Intérieur;OUI;Face à la recette;7j/7;Heures ouvrables;48.80915666563287, 2.434623541655793
48.87833;2.27997;Métro porte maillot;75017;PARIS;Intérieur;OUI;En face guichet service sortie André Maurois;7j/7;Heures ouvrables;48.87833, 2.27997
48.8535563;2.3686487;Métro 5 Bastille sa220;75012;PARIS;Intérieur;OUI;A côté recette;7j/7;Heures ouvrables;48.8535563, 2.3686487
48.8665901;2.3830961;Métro Rue Saint Maur;75011;PARIS;Intérieur;OUI;À côté guichet service;7j/7;Heures ouvrables;48.8665901, 2.3830961
48.86677987236041;2.290224942240132;Métro Concorde;75001;PARIS;Intérieur;OUI;Face à la recette;7j/7;Heures ouvrables;48.86677987236041, 2.290224942240132
48.8651833;2.3910762;Métro Europe;75008;PARIS;Intérieur;OUI;À côté guichet service;7j/7;Heures ouvrables;48.8651833, 2.3910762
48.88884308268645;2.392417246068699;Métro 5 Porte de Pantin;75019;PARIS;Intérieur;OUI;A côté de la recette;7j/7;Heures ouvrables;48.88884308268645, 2.392417246068699
48.8604672;2.372227;Ligne 5 Richard Lenoir;75011;PARIS;Intérieur;OUI;A côté recette;7j/7;Heures ouvrables;48.8604672, 2.372227
48.86282;2.34663;Métro  Gare de l'est;75010;PARIS;Intérieur;OUI;Face recette;7j/7;Heures ouvrables;48.86282, 2.34663
48.8417108814638;2.401108269189355;Métro Bel Air;75012;PARIS;Intérieur;OUI;Face à la recette;7j/7;Heures ouvrables;48.8417108814638, 2.401108269189355
48.8224461;2.2987339;Ligne 13 Malakoff Étienne dolet;92240;Malakoff;Intérieur;OUI;En face de la recette;7j/7;Heures ouvrables;48.8224461, 2.2987339
48.8507248;2.2929997;Métro 6 Dupleix;75015;PARIS;Intérieur;OUI;Face à la recette;7j/7;Heures ouvrables;48.8507248, 2.2929997
48.857437142707575;2.3680572489126552;Métro Chemin Vert;75011;PARIS;Intérieur;OUI;Face à la recette;7j/7;Heures ouvrables;48.857437142707575, 2.3680572489126552
48.8687644;2.3806059;Métro Couronnes;75020;PARIS;Intérieur;OUI;En face guichet service;7j/7;Heures ouvrables;48.8687644, 2.3806059
48.87146267203905;2.343360213124638;Métro Grands Boulevards;75002;PARIS;Intérieur;OUI;Face à la recette;7j/7;Heures ouvrables;48.87146267203905, 2.343360213124638
48.86194;2.44107;Métro Mairie de Montreuil;93100;Montreuil;Intérieur;OUI;Près de la recette;7j/7;Heures ouvrables;48.86194, 2.44107
48.85193;2.40121;Métro Buzenval;75020;PARIS;Intérieur;OUI;Près de la recette;7j/7;Heures ouvrables;48.85193, 2.40121
48.85534;2.36015;Métro saint Paul;75004;PARIS;Intérieur;OUI;En face service;7j/7;Heures ouvrables;48.85534, 2.36015
48.864881;2.3984038;Métro Gambetta;75020;PARIS;Intérieur;OUI;À côté guichet service;7j/7;Heures ouvrables;48.864881, 2.3984038
48.844680739566684;2.2936858736838164;Métro Commerce;75015;PARIS;Intérieur;OUI;Face recette;7j/7;Heures ouvrables;48.844680739566684, 2.2936858736838164
48.83952323217473;2.301070994621266;Métro Vaugirard;75015;PARIS;Intérieur;OUI;Face à la recette;7j/7;Heures ouvrables;48.83952323217473, 2.301070994621266
48.83898;2.33056;Métro Raspail;74014;PARIS;Intérieur;OUI;A côté de la recette;7j/7;Heures ouvrables;48.83898, 2.33056
48.8384342;2.3607202;Métro 5 Quai de la Râpée;75012;PARIS;Intérieur;OUI;Face a la recette;7j/7;Heures ouvrables;48.8384342, 2.3607202
48.8714823;2.2768193;Métro Victor Hugo;75016;PARIS;Intérieur;OUI;En face guichet service;7j/7;Heures ouvrables;48.8714823, 2.2768193
48.9302098;2.2843374;Métro 13 Les Courtilles;92600;Asnieres sur Seine;Intérieur;OUI;A côté de la recette;7j/7;Heures ouvrables;48.9302098, 2.2843374
48.793210000000045;2.320720000000051;RER B Bagneux;92220;Bagneux;Intérieur;OUI;À côté de la recette;7j/7;Heures ouvrables;48.793210000000045, 2.320720000000051
48.8730424;2.3762611;Métro Colonel Fabien;93440;Dugny;Intérieur;OUI;En face guichet service;7j/7;Heures ouvrables;48.8730424, 2.3762611
48.85829170667496;2.3231353104310695;Métro Solférino;75007;PARIS;Intérieur;OUI;A l'entrée pres recette;7j/7;Heures ouvrables;48.85829170667496, 2.3231353104310695
48.837234608683886;2.4019621204974486;Métro Michel Bizot;75012;PARIS;Intérieur;OUI;Face à la recette;7j/7;Heures ouvrables;48.837234608683886, 2.4019621204974486
48.93653000000006;2.3585900000000493;Métro 13 Basilique de saint Denis;93200;Saint Denis;Intérieur;OUI;En face de la recette;7j/7;Heures ouvrables;48.93653000000006, 2.3585900000000493
48.8917997;2.238218;RER A La Défense;92800;Puteaux;Intérieur;OUI;Guichet sur la mezzanine;7j/7;Heures ouvrables;48.8917997, 2.238218
48.8213973996986;2.413358084477247;Métro Charenton école;94000;Charenton;Intérieur;OUI;Face à la recette;7j/7;Heures ouvrables;48.8213973996986, 2.413358084477247
48.8488526;2.3278735;Métro Rennes;75015;PARIS;Intérieur;OUI;A l'entrée de la bouche;7j/7;Heures ouvrables;48.8488526, 2.3278735
48.8572993;2.3516787;Métro 11 Hôtel de ville;75001;PARIS;Intérieur;OUI;A côté de la recette;7j/7;Heures ouvrables;48.8572993, 2.3516787
48.79937000000007;2.328520000000026;RER B Arcueil Cachan;94230;Cachan;Intérieur;OUI;À côté de l'entrée;7j/7;Heures ouvrables;48.79937000000007, 2.328520000000026
48.87146267203905;2.343360213124638;Métro Filles du Calvaire;75003;PARIS;Intérieur;OUI;Face à la recette;7j/7;Heures ouvrables;48.87146267203905, 2.343360213124638
48.84417000000008;2.339050000000043;RER B Luxembourg;75006;PARIS;Intérieur;OUI;Face à la recette;7j/7;Heures ouvrables;48.84417000000008, 2.339050000000043
48.820052;2.3401373;RER B Cité Universitaire;75014;PARIS;Intérieur;OUI;À côté du guichet;7j/7;Heures ouvrables;48.820052, 2.3401373
48.85519;2.34714;Métro Cité ligne 4;75001;PARIS;Intérieur;OUI;A côté de la recette;7j/7;Heures ouvrables;48.85519, 2.34714
48.77982000000003;2.2804400000000555;RER B Robinson;92350;Robinson;Intérieur;OUI;À côté de la recette;7j/7;Heures ouvrables;48.77982000000003, 2.2804400000000555
48.8875727;2.2959121;Métro Wagram;75017;PARIS;Intérieur;OUI;À côté guichet service;7j/7;Heures ouvrables;48.8875727, 2.2959121
48.79765292475834;2.4494083225560197;Métro Créteil l'échat;94000;Créteil;Intérieur;OUI;À côté de la recette;7j/7;Heures ouvrables;48.79765292475834, 2.4494083225560197
48.89022977040568;2.339019375166449;Métro Abbesses;75018;PARIS;Intérieur;OUI;À gauche de la recette;7j/7;Heures ouvrables;48.89022977040568, 2.339019375166449
48.9175314;2.3409065;Métro 13 Mairie de Saint Ouen;93200;Saint Denis;Intérieur;OUI;A côté de la recette;7j/7;Heures ouvrables;48.9175314, 2.3409065
48.85921;2.34632;Métro Châtelet ligne 4 sa200;75001;PARIS;Intérieur;OUI;En face de la recette;7j/7;Heures ouvrables;48.85921, 2.34632
48.69839845631049;2.1369906813153037;RER B Gif sur Yvette;91190;Gif sur Yvette;Intérieur;OUI;Face à l?entrée;7j/7;Heures ouvrables;48.69839845631049, 2.1369906813153037
48.8955194;2.4247654;Métro 5 Bobigny Raymond Queneau;93000;Bobigny;Intérieur;OUI;Côté recette;7j/7;Heures ouvrables;48.8955194, 2.4247654
48.807900000000075;2.333180000000027;RER laplace;94110;Arcueil;Intérieur;OUI;A coté de la recette;7j/7;Heures ouvrables;48.807900000000075, 2.333180000000027
48.9457042;2.3654339;Métro 13 Saint Denis université;93200;Saint Denis;Intérieur;OUI;A côté de la recette;7j/7;Heures ouvrables;48.9457042, 2.3654339
48.85541000000006;2.2701600000000326;Métro Ranelagh;75016;PARIS;Intérieur;OUI;En face de la recette;7j/7;Heures ouvrables;48.85541000000006, 2.2701600000000326
48.85236000000003;2.268120000000067;Métro Jasmin;75016;PARIS;Intérieur;OUI;En face de la recette;7j/7;Heures ouvrables;48.85236000000003, 2.268120000000067
48.839950000000044;2.3821700000000305;Métro Bercy;75012;PARIS;Intérieur;OUI;En face de la recette;7j/7;Heures ouvrables;48.839950000000044, 2.3821700000000305
48.87545000000006;2.3662500000000364;Métro Saint Lazare;75008;PARIS;Intérieur;OUI;En face de la recette;7j/7;Heures ouvrables;48.87545000000006, 2.3662500000000364
48.85388000000006;2.3492800000000216;Métro Pont Marie;75010;PARIS;Intérieur;OUI;En face de la recette;7j/7;Heures ouvrables;48.85388000000006, 2.3492800000000216
48.858610000000056;2.3420800000000668;Métro Pont-Neuf;75001;PARIS;Intérieur;OUI;En face de la recette;7j/7;Heures ouvrables;48.858610000000056, 2.3420800000000668
48.84448000000003;2.352510000000052;Métro Place Monge;75005;PARIS;Intérieur;OUI;En face de la recette;7j/7;Heures ouvrables;48.84448000000003, 2.352510000000052
48.84054000000003;2.3516200000000254;Métro Censier Daubenton;75005;PARIS;Intérieur;OUI;En face de la recette;7j/7;Heures ouvrables;48.84054000000003, 2.3516200000000254
48.81060000000008;2.362040000000036;Métro Kremlin Bicêtre;94270;LE KREMLIN BICETRE;Intérieur;OUI;En face de la recette;7j/7;Heures ouvrables;48.81060000000008, 2.362040000000036
48.85557000000006;2.7746100000000524;RER A Val d'Europe;77700;Serris;Extérieur;OUI;En face de la recette;7j/7;Heures ouvrables;48.85557000000006, 2.7746100000000524
48.836880000000065;2.709790000000055;RER A Bussy-saint-Georges;77600;BUSSY SAINT GEORGES;Intérieur;OUI;En face de la recette;7j/7;Heures ouvrables;48.836880000000065, 2.709790000000055
48.84250000000003;2.5780300000000693;RER A Noisy-Champs;93160;Noisy-Le-Grand;Intérieur;OUI;En face de la recette;7j/7;Heures ouvrables;48.84250000000003, 2.5780300000000693
48.841120000000046;2.547200000000032;RER A Noisy-le-Grand - Mont d'Est;93160;Noisy-Le-Grand;Intérieur;OUI;En face de la recette A;7j/7;Heures ouvrables;48.841120000000046, 2.547200000000032
48.807450000000074;2.509390000000053;RER A Champigny;94210;Saint-Maur-des-Fossés;Intérieur;OUI;En face de la recette;7j/7;Heures ouvrables;48.807450000000074, 2.509390000000053
48.898600000000044;2.122160000000065;RER A Le Vésinet Le Pecq;78110;Le Vésinet;Intérieur;OUI;En face de la recette;7j/7;Heures ouvrables;48.898600000000044, 2.122160000000065
48.91975000000008;2.3443700000000263;Métro Carrefour Pleyel;93200;Saint-Denis;Intérieur;OUI;En face de la recette;7j/7;Heures ouvrables;48.91975000000008, 2.3443700000000263
