﻿ID;Numéro;Secteur;Photo du plan;URL;Département;Taille du fichier (Mo);Date de publication;Format
1;3;Secteur Paris;https://data.iledefrance-mobilites.fr/api/explore/v2.1/catalog/datasets/plans-de-secteur/files/676e9d7794b04ed95ee5879032eb8df0;https://eu.ftp.opendatasoft.com/stif/PlansDeSecteur/Plans/plan03.pdf;75;4.5;2026-01;pdf
2;4;Secteur Hauts-de-Seine Sud;https://data.iledefrance-mobilites.fr/api/explore/v2.1/catalog/datasets/plans-de-secteur/files/9c9d403dd06bbae02fcd73b096b1bdce;https://eu.ftp.opendatasoft.com/stif/PlansDeSecteur/Plans/plan04.pdf;92,78,91;3.2;2025-01;pdf
3;5;Secteur à l'Ouest de Paris;https://data.iledefrance-mobilites.fr/api/explore/v2.1/catalog/datasets/plans-de-secteur/files/7ac45df0fd7864abbac50b3e72f517c9;https://eu.ftp.opendatasoft.com/stif/PlansDeSecteur/Plans/plan05.pdf;92;1.9;2025-03;pdf
4;6;Secteur Hauts-de-Seine Nord;https://data.iledefrance-mobilites.fr/api/explore/v2.1/catalog/datasets/plans-de-secteur/files/f39c0d945bf5196c9c10b09326fbf32f;https://eu.ftp.opendatasoft.com/stif/PlansDeSecteur/Plans/plan06.pdf;92;2.2;2024-03;pdf
5;7;Secteur au Nord de Paris;https://data.iledefrance-mobilites.fr/api/explore/v2.1/catalog/datasets/plans-de-secteur/files/7cf8db20b427e9c2ec55d794bf5ab5e0;https://eu.ftp.opendatasoft.com/stif/PlansDeSecteur/Plans/plan07.pdf;93;2;2026-01;pdf
6;8;Secteur Seine St-Denis Ouest;https://data.iledefrance-mobilites.fr/api/explore/v2.1/catalog/datasets/plans-de-secteur/files/0aab07d6bf79d8ce5ea630a412ed4cdf;https://eu.ftp.opendatasoft.com/stif/PlansDeSecteur/Plans/plan08.pdf;93;2.2;2024-06;pdf
7;9;Secteur Seine St-Denis Est;https://data.iledefrance-mobilites.fr/api/explore/v2.1/catalog/datasets/plans-de-secteur/files/dce1f28c1326c59e05087cbc19340e6e;https://eu.ftp.opendatasoft.com/stif/PlansDeSecteur/Plans/plan09.pdf;93;3;2025-06;pdf
8;10;Secteur à l'Est de Paris;https://data.iledefrance-mobilites.fr/api/explore/v2.1/catalog/datasets/plans-de-secteur/files/e9f620350a78093f6040150889e63448;https://eu.ftp.opendatasoft.com/stif/PlansDeSecteur/Plans/plan10.pdf;93;2.2;2026-06;pdf
9;11;Marne-la-Vallée;https://data.iledefrance-mobilites.fr/api/explore/v2.1/catalog/datasets/plans-de-secteur/files/d7b99d45d9a4e57c7fb2da5b679983c5;https://eu.ftp.opendatasoft.com/stif/PlansDeSecteur/Plans/plan11.pdf;93,94;1.7;2025-06;pdf
10;12;Secteur Val-de-Marne;https://data.iledefrance-mobilites.fr/api/explore/v2.1/catalog/datasets/plans-de-secteur/files/712fdca68a743ee93f91edc6a5f5b175;https://eu.ftp.opendatasoft.com/stif/PlansDeSecteur/Plans/plan12.pdf;94;1.4;2025-07;pdf
11;13;Secteur au Sud de Paris;https://data.iledefrance-mobilites.fr/api/explore/v2.1/catalog/datasets/plans-de-secteur/files/55f0fd345d795aef2693b92db7302dfc;https://eu.ftp.opendatasoft.com/stif/PlansDeSecteur/Plans/plan13.pdf;94;2.9;2024-09;pdf
12;14;Secteur Essonne Nord;https://data.iledefrance-mobilites.fr/api/explore/v2.1/catalog/datasets/plans-de-secteur/files/b8cc1f9c76c373415f0139dfde0c70b5;https://eu.ftp.opendatasoft.com/stif/PlansDeSecteur/Plans/plan14.pdf;91;1.8;2025-09;pdf
13;15;Hauts-de-Bièvre;https://data.iledefrance-mobilites.fr/api/explore/v2.1/catalog/datasets/plans-de-secteur/files/145ca2272ad51ca69a129d6f7da1eeba;https://eu.ftp.opendatasoft.com/stif/PlansDeSecteur/Plans/plan15.pdf;78,91,94;5.7;2023-05;pdf
15;18;Argenteuil Bezons Houilles et Sartrouville;https://data.iledefrance-mobilites.fr/api/explore/v2.1/catalog/datasets/plans-de-secteur/files/d5b219b9e8411f4fcad2aba53efef734;https://eu.ftp.opendatasoft.com/stif/PlansDeSecteur/Plans/plan18.pdf;95;2.4;2024-07;pdf
16;19;Secteur Seine-Saint-Denis Nord;https://data.iledefrance-mobilites.fr/api/explore/v2.1/catalog/datasets/plans-de-secteur/files/82af669f62d39c3c4c0df2ff5355d31d;https://eu.ftp.opendatasoft.com/stif/PlansDeSecteur/Plans/plan19.pdf;93;1.5;2025-01;pdf
17;20;Secteur Sud-Est Val-de-Marne;https://data.iledefrance-mobilites.fr/api/explore/v2.1/catalog/datasets/plans-de-secteur/files/f84cce72a814c108eb0a1172b6e8d7ad;https://eu.ftp.opendatasoft.com/stif/PlansDeSecteur/Plans/plan20.pdf;94;3.1;2024-09;pdf
18;21;Secteur Sud Val-de-Marne;https://data.iledefrance-mobilites.fr/api/explore/v2.1/catalog/datasets/plans-de-secteur/files/850e1c61fa679d6526fe1b3ad4178dce;https://eu.ftp.opendatasoft.com/stif/PlansDeSecteur/Plans/plan21.pdf;94;2.8;2024-09;pdf
19;22;Secteur du Grand Orly;https://data.iledefrance-mobilites.fr/api/explore/v2.1/catalog/datasets/plans-de-secteur/files/b34eb35087d15527524677a7f647149e;https://eu.ftp.opendatasoft.com/stif/PlansDeSecteur/Plans/plan22.pdf;94,91;5.7;2025-03;pdf
20;23;Secteur d'Orsay;https://data.iledefrance-mobilites.fr/api/explore/v2.1/catalog/datasets/plans-de-secteur/files/10bddea82e97064df59461046a2761c8;https://eu.ftp.opendatasoft.com/stif/PlansDeSecteur/Plans/plan23.pdf;91;10.2;2020-02;pdf
21;24_1;Secteur de Versailles Grand Parc - Ouest;https://data.iledefrance-mobilites.fr/api/explore/v2.1/catalog/datasets/plans-de-secteur/files/fb3e68f5d34b237d4ff157c8fd444b77;https://eu.ftp.opendatasoft.com/stif/PlansDeSecteur/Plans/plan24-1.pdf;78;3.1;2026-05;pdf
22;24_2;Secteur de Versailles Grand Parc - Est;https://data.iledefrance-mobilites.fr/api/explore/v2.1/catalog/datasets/plans-de-secteur/files/f7ee597e81610c9b2f19ab5ba59f05b2;https://eu.ftp.opendatasoft.com/stif/PlansDeSecteur/Plans/plan24-2.pdf;78;3.5;2023-09;pdf
23;25;Secteur Montesson Boucle de Seine;https://data.iledefrance-mobilites.fr/api/explore/v2.1/catalog/datasets/plans-de-secteur/files/b2cba6615166e781d4a9a717dafd4c15;https://eu.ftp.opendatasoft.com/stif/PlansDeSecteur/Plans/plan25.pdf;78,92;1.9;2024-07;pdf
24;26;Secteur du Parisis;https://data.iledefrance-mobilites.fr/api/explore/v2.1/catalog/datasets/plans-de-secteur/files/8b547bf053aaf27a4d9be4007d01e504;https://eu.ftp.opendatasoft.com/stif/PlansDeSecteur/Plans/plan26.pdf;95;3.6;2019-05;pdf
25;27;Vallée de Montmorency;https://data.iledefrance-mobilites.fr/api/explore/v2.1/catalog/datasets/plans-de-secteur/files/717be4415a7011c6ea8bf5ff606194db;https://eu.ftp.opendatasoft.com/stif/PlansDeSecteur/Plans/plan27.pdf;95;1.9;2025-02;pdf
26;28;Secteur Bassin de Gonesse;https://data.iledefrance-mobilites.fr/api/explore/v2.1/catalog/datasets/plans-de-secteur/files/bae91b364771ec8ea7f2dedd577bfca1;https://eu.ftp.opendatasoft.com/stif/PlansDeSecteur/Plans/plan28.pdf;93,95;1.8;2020-01;pdf
27;29;Secteur Roissy Sud;https://data.iledefrance-mobilites.fr/api/explore/v2.1/catalog/datasets/plans-de-secteur/files/ff83794c02d017bb61775d74ce716901;https://eu.ftp.opendatasoft.com/stif/PlansDeSecteur/Plans/plan29.pdf;95;1.1;2025-02;pdf
28;30;Bassin Chellois;https://data.iledefrance-mobilites.fr/api/explore/v2.1/catalog/datasets/plans-de-secteur/files/1cc99b9d5068061a4f47c2c9c8b50874;https://eu.ftp.opendatasoft.com/stif/PlansDeSecteur/Plans/plan30.pdf;77;6;2020-09;pdf
29;31;Secteur Brie-Comte-Robert;https://data.iledefrance-mobilites.fr/api/explore/v2.1/catalog/datasets/plans-de-secteur/files/6bc0ba57de13f022c736d49234db224a;https://eu.ftp.opendatasoft.com/stif/PlansDeSecteur/Plans/plan31.pdf;77;1.3;2020-06;pdf
30;32;Secteur Val d’Yerres Val de Seine Est;https://data.iledefrance-mobilites.fr/api/explore/v2.1/catalog/datasets/plans-de-secteur/files/8a4e18a82d5a8b540a1b31e10797f5d3;https://eu.ftp.opendatasoft.com/stif/PlansDeSecteur/Plans/plan32.pdf;91;2.9;2025-01;pdf
31;33;Secteur Val d’Yerres Val de Seine Ouest;https://data.iledefrance-mobilites.fr/api/explore/v2.1/catalog/datasets/plans-de-secteur/files/da24a2f058f0a97e7a2a80b7432636f9;https://eu.ftp.opendatasoft.com/stif/PlansDeSecteur/Plans/plan33.pdf;91;1.7;2025-01;pdf
32;34_1;Bassin d’Évry - Secteur Nord;https://data.iledefrance-mobilites.fr/api/explore/v2.1/catalog/datasets/plans-de-secteur/files/36d5608b75f8dfd33fad540641f9e897;https://eu.ftp.opendatasoft.com/stif/PlansDeSecteur/Plans/plan34-1.pdf;91;1.4;2020-07;pdf
33;34_2;Bassin d’Évry - Secteur Sud;https://data.iledefrance-mobilites.fr/api/explore/v2.1/catalog/datasets/plans-de-secteur/files/ace80e46d7477bc5f56172a0383bd4e9;https://eu.ftp.opendatasoft.com/stif/PlansDeSecteur/Plans/plan34-2.pdf;91;1.4;2020-07;pdf
34;35_1;Bassin de la Vallée de l'Orge - Secteur Nord;https://data.iledefrance-mobilites.fr/api/explore/v2.1/catalog/datasets/plans-de-secteur/files/4442dcbc477e608c2b6e45e903db2afe;https://eu.ftp.opendatasoft.com/stif/PlansDeSecteur/Plans/plan35-1.pdf;91;3.2;2025-01;pdf
35;35_2;Bassin de la Vallée de l'Orge - Secteur Sud;https://data.iledefrance-mobilites.fr/api/explore/v2.1/catalog/datasets/plans-de-secteur/files/658fce2d97b54add3914737546e414f9;https://eu.ftp.opendatasoft.com/stif/PlansDeSecteur/Plans/plan35-2.pdf;91;1.8;2025-01;pdf
37;37;Pays de Limours;https://data.iledefrance-mobilites.fr/api/explore/v2.1/catalog/datasets/plans-de-secteur/files/471ea4e308f029cdfa7c5faedcec1c9d;https://eu.ftp.opendatasoft.com/stif/PlansDeSecteur/Plans/plan37.pdf;77,91;2.1;2018-04;pdf
38;38;Saint-Quentin-en-Yvelines;https://data.iledefrance-mobilites.fr/api/explore/v2.1/catalog/datasets/plans-de-secteur/files/7065fda2606d4d6030dc2ecff9cb1e8f;https://eu.ftp.opendatasoft.com/stif/PlansDeSecteur/Plans/plan38.pdf;78;5.9;2024-04;pdf
39;39;Secteur Plaine de Versailles;https://data.iledefrance-mobilites.fr/api/explore/v2.1/catalog/datasets/plans-de-secteur/files/d18c48101d00788f8303a1e67f29d477;https://eu.ftp.opendatasoft.com/stif/PlansDeSecteur/Plans/plan39.pdf;78;5.2;2016-09;pdf
40;40;Secteur Saint-Germain-en-Laye;https://data.iledefrance-mobilites.fr/api/explore/v2.1/catalog/datasets/plans-de-secteur/files/3b8c023616987f8c5748b077e05f621d;https://eu.ftp.opendatasoft.com/stif/PlansDeSecteur/Plans/plan40.pdf;78;18.1;2024-12;pdf
41;41;Poissy - Verneuil-sur-Seine;https://data.iledefrance-mobilites.fr/api/explore/v2.1/catalog/datasets/plans-de-secteur/files/72d11e9d30481e0f8f940da5ccab3a7d;https://eu.ftp.opendatasoft.com/stif/PlansDeSecteur/Plans/plan41.pdf;78;13.9;2025-09;pdf
42;42;Secteur de Cergy-Pontoise;https://data.iledefrance-mobilites.fr/api/explore/v2.1/catalog/datasets/plans-de-secteur/files/8b8a8752a2becff22b86d7a35d7975f2;https://eu.ftp.opendatasoft.com/stif/PlansDeSecteur/Plans/plan42.pdf;95;3.4;2024-05;pdf
43;43;Secteur Roissy Nord;https://data.iledefrance-mobilites.fr/api/explore/v2.1/catalog/datasets/plans-de-secteur/files/14d377908d7d8b11a4073304fa176195;https://eu.ftp.opendatasoft.com/stif/PlansDeSecteur/Plans/plan43.pdf;95;3.9;2019-12;pdf
44;44;Secteur Roissy Sud-Est;https://data.iledefrance-mobilites.fr/api/explore/v2.1/catalog/datasets/plans-de-secteur/files/911e016fc429719949a458b6ea164b58;https://eu.ftp.opendatasoft.com/stif/PlansDeSecteur/Plans/plan44.pdf;77;3.9;2019-12;pdf
45;45_1;Bassin de Marne-la-Vallée - Général;https://data.iledefrance-mobilites.fr/api/explore/v2.1/catalog/datasets/plans-de-secteur/files/350d0eb133889e22e49b06cf890f4585;https://eu.ftp.opendatasoft.com/stif/PlansDeSecteur/Plans/plan45-1.pdf;77;2.8;2026-04;pdf
46;45_2;Bassin de Marne-la-Vallée - Est;https://data.iledefrance-mobilites.fr/api/explore/v2.1/catalog/datasets/plans-de-secteur/files/6eeb026d5e3e223d9097f65d134465a4;https://eu.ftp.opendatasoft.com/stif/PlansDeSecteur/Plans/plan45-2.pdf;77;2.4;2024-04;pdf
47;45_3;Bassin de Marne-la-Vallée - Ouest;https://data.iledefrance-mobilites.fr/api/explore/v2.1/catalog/datasets/plans-de-secteur/files/8af47a380ec7647cb137d40b61f71a07;https://eu.ftp.opendatasoft.com/stif/PlansDeSecteur/Plans/plan45-3.pdf;77;2.9;2024-04;pdf
48;46_1;Bassin de Tournan-en-Brie - Secteur Ouest;https://data.iledefrance-mobilites.fr/api/explore/v2.1/catalog/datasets/plans-de-secteur/files/f979058f2643cec042615b48bd812762;https://eu.ftp.opendatasoft.com/stif/PlansDeSecteur/Plans/plan46-1.pdf;77;3.3;2020-09;pdf
49;46_2;Bassin de Tournan-en-Brie - Secteur Est;https://data.iledefrance-mobilites.fr/api/explore/v2.1/catalog/datasets/plans-de-secteur/files/af2c9afbe176d96078f0d562dbcf0c99;https://eu.ftp.opendatasoft.com/stif/PlansDeSecteur/Plans/plan46-2.pdf;77;2.4;2020-09;pdf
50;47;Secteur Sénart;https://data.iledefrance-mobilites.fr/api/explore/v2.1/catalog/datasets/plans-de-secteur/files/6979076b9df3c497d466edd798c532bb;https://eu.ftp.opendatasoft.com/stif/PlansDeSecteur/Plans/plan47.pdf;77;4.1;2025-01;pdf
51;48;Val d'Essonne;https://data.iledefrance-mobilites.fr/api/explore/v2.1/catalog/datasets/plans-de-secteur/files/15849f5dfe23d1490a97509657af6e26;https://eu.ftp.opendatasoft.com/stif/PlansDeSecteur/Plans/plan48.pdf;91;6.3;2023-07;pdf
52;49;Arpajon;https://data.iledefrance-mobilites.fr/api/explore/v2.1/catalog/datasets/plans-de-secteur/files/22ee61fdd64a7b7ae19157478ecd4a28;https://eu.ftp.opendatasoft.com/stif/PlansDeSecteur/Plans/plan49.pdf;91;2.3;2025-01;pdf
53;50;En cours de réalisation;https://data.iledefrance-mobilites.fr/api/explore/v2.1/catalog/datasets/plans-de-secteur/files/1d466a4a8a689a094d9af2688ca0dc28;INDISPONIBLE;78;;;pdf
54;51;Les Mureaux;https://data.iledefrance-mobilites.fr/api/explore/v2.1/catalog/datasets/plans-de-secteur/files/714d9b4b04151233b35a6747136c7ea3;https://eu.ftp.opendatasoft.com/stif/PlansDeSecteur/Plans/plan51.pdf;78,95;16;2025-09;pdf
55;52;Roissy Est;https://data.iledefrance-mobilites.fr/api/explore/v2.1/catalog/datasets/plans-de-secteur/files/b94e1604a2e2e9f84afc1807d84e8991;https://eu.ftp.opendatasoft.com/stif/PlansDeSecteur/Plans/plan52.pdf;77;8.1;2025-10;pdf
56;53;Pays de Meaux;https://data.iledefrance-mobilites.fr/api/explore/v2.1/catalog/datasets/plans-de-secteur/files/cf1aeda50a4f0139e9c67c759f343fb9;https://eu.ftp.opendatasoft.com/stif/PlansDeSecteur/Plans/plan53.pdf;77;2;2025-08;pdf
57;54;Secteur du Pays Créçois;https://data.iledefrance-mobilites.fr/api/explore/v2.1/catalog/datasets/plans-de-secteur/files/e66f61163da0e0d9c1159daa5aaf3706;https://eu.ftp.opendatasoft.com/stif/PlansDeSecteur/Plans/plan54.pdf;77;1.6;2025-09;pdf
58;55;Secteur Mormant Verneuil-l'Etang;https://data.iledefrance-mobilites.fr/api/explore/v2.1/catalog/datasets/plans-de-secteur/files/71224bf3cbd4163f39eb4beb0b7bc943;https://eu.ftp.opendatasoft.com/stif/PlansDeSecteur/Plans/plan55.pdf;77;4.2;2026-01;pdf
59;56;Secteur Melun;https://data.iledefrance-mobilites.fr/api/explore/v2.1/catalog/datasets/plans-de-secteur/files/efb76ec8befdad271d9209a60482ba55;https://eu.ftp.opendatasoft.com/stif/PlansDeSecteur/Plans/plan56.pdf;77;3.5;2026-03;pdf
60;57;Secteur de Milly-la-Forêt;https://data.iledefrance-mobilites.fr/api/explore/v2.1/catalog/datasets/plans-de-secteur/files/8de52a14ae82946934175f9075897365;https://eu.ftp.opendatasoft.com/stif/PlansDeSecteur/Plans/plan57.pdf;77,91;3.3;2020-09;pdf
61;58;Secteur d'Etampes;https://data.iledefrance-mobilites.fr/api/explore/v2.1/catalog/datasets/plans-de-secteur/files/0534e7bf254ff69adcc8bb7f4eccbbe8;https://eu.ftp.opendatasoft.com/stif/PlansDeSecteur/Plans/plan58.pdf;91;6.2;2021-09;pdf
62;59;Secteur Dourdan;https://data.iledefrance-mobilites.fr/api/explore/v2.1/catalog/datasets/plans-de-secteur/files/be8b533bd2c677cb57e10b34b93593e6;https://eu.ftp.opendatasoft.com/stif/PlansDeSecteur/Plans/plan59.pdf;91;3;2020-09;pdf
63;60;Secteur Rambouillet;https://data.iledefrance-mobilites.fr/api/explore/v2.1/catalog/datasets/plans-de-secteur/files/4fe987027ba185ae8793c4fefec6f0fd;https://eu.ftp.opendatasoft.com/stif/PlansDeSecteur/Plans/plan60.pdf;78;6;2020-09;pdf
64;61;Secteur Houdan;https://data.iledefrance-mobilites.fr/api/explore/v2.1/catalog/datasets/plans-de-secteur/files/5f9f6a17b9ae9cf74cf449163905462c;https://eu.ftp.opendatasoft.com/stif/PlansDeSecteur/Plans/plan61.pdf;78;9.9;2025-10;pdf
65;62;Secteur du Mantois;https://data.iledefrance-mobilites.fr/api/explore/v2.1/catalog/datasets/plans-de-secteur/files/24b67ce8d2e1d495495798147a669b57;https://eu.ftp.opendatasoft.com/stif/PlansDeSecteur/Plans/plan62.pdf;78;9.4;2025-09;pdf
66;63;Secteur du Vexin;https://data.iledefrance-mobilites.fr/api/explore/v2.1/catalog/datasets/plans-de-secteur/files/6eec8db89c08f913b11697669bd01e69;https://eu.ftp.opendatasoft.com/stif/PlansDeSecteur/Plans/plan63.pdf;95,78;3;2024-06;pdf
67;64;Secteur Haut Val d'Oise;https://data.iledefrance-mobilites.fr/api/explore/v2.1/catalog/datasets/plans-de-secteur/files/c3b9eb24e68918ace3517fdf6bd172a4;https://eu.ftp.opendatasoft.com/stif/PlansDeSecteur/Plans/plan64.pdf;95;5.5;2019-12;pdf
68;65;Pays de l'Ourcq;https://data.iledefrance-mobilites.fr/api/explore/v2.1/catalog/datasets/plans-de-secteur/files/23015cc0347bcc0e4598f65a941f9a68;https://eu.ftp.opendatasoft.com/stif/PlansDeSecteur/Plans/plan65.pdf;77;1.3;2025-08;pdf
69;66;Pays Fertois;https://data.iledefrance-mobilites.fr/api/explore/v2.1/catalog/datasets/plans-de-secteur/files/86011833aa042beae9e0269885896321;https://eu.ftp.opendatasoft.com/stif/PlansDeSecteur/Plans/plan66.pdf;77;2.3;2025-09;pdf
70;67;Secteur Coulommiers;https://data.iledefrance-mobilites.fr/api/explore/v2.1/catalog/datasets/plans-de-secteur/files/128e2af786feaf70a554689c5c0ec899;https://eu.ftp.opendatasoft.com/stif/PlansDeSecteur/Plans/plan67.pdf;77;2;2025-09;pdf
71;68;Secteur de Provins;https://data.iledefrance-mobilites.fr/api/explore/v2.1/catalog/datasets/plans-de-secteur/files/5673d953bcd6a12ecdec29784bf8552e;https://eu.ftp.opendatasoft.com/stif/PlansDeSecteur/Plans/plan68.pdf;77;3.6;2024-07;pdf
72;69;Secteur de Fontainebleau;https://data.iledefrance-mobilites.fr/api/explore/v2.1/catalog/datasets/plans-de-secteur/files/6dbf0926f4cf5cc2b7c738b9a60d24ad;https://eu.ftp.opendatasoft.com/stif/PlansDeSecteur/Plans/plan69.pdf;77;0.8;2021-01;pdf
73;70;Secteur Montereau-Fault-Yonne;https://data.iledefrance-mobilites.fr/api/explore/v2.1/catalog/datasets/plans-de-secteur/files/83a696321e23907d5158e18be68de4be;https://eu.ftp.opendatasoft.com/stif/PlansDeSecteur/Plans/plan70.pdf;77;1.6;2024-09;pdf
74;71;Moret Seine et Loing;https://data.iledefrance-mobilites.fr/api/explore/v2.1/catalog/datasets/plans-de-secteur/files/d4aeb956c7e0398a0334306c4cef9f2e;https://eu.ftp.opendatasoft.com/stif/PlansDeSecteur/Plans/plan71.pdf;77;1.8;2021-01;pdf
75;72;Secteur de Nemours;https://data.iledefrance-mobilites.fr/api/explore/v2.1/catalog/datasets/plans-de-secteur/files/5ac7b0bc9288bd59316c96cbc15972ac;https://eu.ftp.opendatasoft.com/stif/PlansDeSecteur/Plans/plan72.pdf;77;1.9;2024-02;pdf
