317	Nord Sud
392	NULL
99	Oui-dire
48	renouveau du metro
52	renouveau du metro
37	renouveau du metro
293	Decor unique
66	Oui-dire
325	NULL
277	NULL
49	motte
192	NULL
102	NULL
103	NULL
38	NULL
79	NULL
347	renouveau du metro
18	Decor unique
296	motte
43	motte
382	NULL
148	NULL
131	motte
35	renouveau du metro
120	renouveau du metro
212	motte
151	NULL
24	renouveau du metro
384	NULL
231	motte
104	NULL
105	NULL
128	renouveau du metro
403	renouveau du metro
206	NULL
252	NULL
405	NULL
194	motte
63	renouveau du metro
404	renouveau du metro
261	renouveau du metro
267	motte
166	renouveau du metro
134	NULL
124	renouveau du metro
287	renouveau du metro
349	motte
270	renouveau du metro
178	renouveau du metro
10	Decor unique
359	NULL
222	renouveau du metro
7	NULL
28	mouton
126	mouton
276	NULL
258	renouveau du metro
82	Oui-dire
25	NULL
78	NULL
163	Oui-dire
15	NULL
87	motte
174	motte
290	motte
380	NULL
88	Oui-dire
285	NULL
42	NULL
196	renouveau du metro
336	Nord Sud
158	NULL
338	CMP
143	motte
30	renouveau du metro
44	renouveau du metro
159	Oui-dire
265	motte
408	renouveau du metro
140	motte
97	NULL
149	renouveau du metro
226	NULL
228	NULL
227	NULL
132	NULL
280	renouveau du metro
363	motte
223	mouton
138	renouveau du metro
272	renouveau du metro
106	motte
2	NULL
198	NULL
85	NULL
58	NULL
234	renouveau du metro
332	Nord Sud
195	renouveau du metro
209	renouveau du metro
214	CMP
9	Decor unique
244	NULL
311	NULL
365	renouveau du metro
74	NULL
72	NULL
400	NULL
289	motte
122	NULL
81	motte
114	NULL
164	NULL
19	NULL
381	NULL
80	motte
113	motte
351	renouveau du metro
8	renouveau du metro
142	motte
295	Oui-dire
205	motte
251	motte
353	Nord Sud
107	renouveau du metro
387	NULL
16	motte
291	renouveau du metro
242	renouveau du metro
360	motte
200	NULL
115	renouveau du metro
237	renouveau du metro
41	NULL
111	renouveau du metro
402	renouveau du metro
275	renouveau du metro
298	renouveau du metro
315	Nord Sud
127	NULL
389	NULL
1	Oui-dire
306	NULL
354	Nord Sud
239	NULL
199	renouveau du metro
154	NULL
133	NULL
197	mouton
278	motte
110	motte
183	NULL
167	renouveau du metro
341	NULL
340	NULL
86	NULL
4	renouveau du metro
221	renouveau du metro
356	Nord Sud
162	Oui-dire
401	Oui-dire
53	motte
193	renouveau du metro
14	Decor unique
283	renouveau du metro
202	motte
323	motte
378	NULL
309	NULL
339	Oui-dire
191	NULL
266	motte
101	NULL
350	Oui-dire
373	NULL
182	renouveau du metro
386	NULL
56	renouveau du metro
262	NULL
77	NULL
314	Nord Sud
225	mouton
224	mouton
369	motte
370	motte
232	renouveau du metro
286	renouveau du metro
45	NULL
218	renouveau du metro
236	motte
273	NULL
235	renouveau du metro
269	NULL
271	NULL
246	NULL
358	NULL
31	renouveau du metro
216	renouveau du metro
305	NULL
98	renouveau du metro
21	Oui-dire
50	mouton
153	mouton
260	renouveau du metro
145	NULL
320	motte
330	Nord Sud
117	NULL
255	NULL
284	Oui-dire
90	NULL
385	NULL
109	Oui-dire
69	Decor unique
130	NULL
136	renouveau du metro
333	motte
399	renouveau du metro
55	renouveau du metro
366	renouveau du metro
47	renouveau du metro
152	renouveau du metro
190	renouveau du metro
36	Oui-dire
318	motte
125	NULL
144	motte
180	NULL
34	motte
355	Nord Sud
406	motte
299	Oui-dire
177	motte
367	renouveau du metro
229	NULL
165	renouveau du metro
376	NULL
51	renouveau du metro
3	Oui-dire
230	motte
173	renouveau du metro
274	NULL
187	renouveau du metro
189	CMP
100	NULL
26	Decor unique
73	mouton
54	NULL
188	renouveau du metro
344	motte
375	NULL
75	Oui-dire
312	Nord Sud
157	motte
263	NULL
108	Decor unique
233	NULL
352	Nord Sud
368	CMP
337	NULL
22	renouveau du metro
397	NULL
301	NULL
219	renouveau du metro
5	renouveau du metro
407	Oui-dire
170	Oui-dire
379	Decor unique
297	NULL
147	motte
121	NULL
68	Oui-dire
116	renouveau du metro
208	motte
254	motte
294	motte
20	NULL
215	motte
204	motte
250	motte
160	motte
264	renouveau du metro
33	NULL
327	motte
70	motte
23	renouveau du metro
123	renouveau du metro
89	NULL
17	renouveau du metro
245	motte
93	NULL
210	renouveau du metro
92	NULL
282	renouveau du metro
328	Nord Sud
64	NULL
135	NULL
76	NULL
326	Nord Sud
40	NULL
112	motte
161	Oui-dire
175	renouveau du metro
279	renouveau du metro
303	NULL
300	NULL
67	renouveau du metro
29	renouveau du metro
391	NULL
181	renouveau du metro
321	Nord Sud
129	renouveau du metro
241	motte
12	Decor unique
281	renouveau du metro
361	Decor unique
335	NULL
95	NULL
27	CMP
32	renouveau du metro
57	renouveau du metro
388	NULL
184	Decor unique
186	motte
185	motte
334	Nord Sud
310	NULL
6	renouveau du metro
371	NULL
168	motte
249	motte
211	renouveau du metro
146	NULL
390	NULL
307	NULL
383	NULL
179	renouveau du metro
302	renouveau du metro
62	motte
292	Oui-dire
238	renouveau du metro
96	NULL
139	renouveau du metro
65	renouveau du metro
84	NULL
329	renouveau du metro
304	NULL
308	NULL
240	renouveau du metro
259	renouveau du metro
256	renouveau du metro
247	renouveau du metro
346	NULL
398	renouveau du metro
362	renouveau du metro
319	Nord Sud
91	NULL
141	NULL
374	NULL
372	NULL
